{
  "timelineObjects" : [ {
    "activitySegment" : {
      "startLocation" : {
        "latitudeE7" : 52941851,
        "longitudeE7" : 1152361584,
        "sourceInfo" : {
          "deviceTag" : -125033256
        }
      },
      "endLocation" : {
        "latitudeE7" : 52923453,
        "longitudeE7" : 1152228180,
        "sourceInfo" : {
          "deviceTag" : -125033256
        }
      },
      "duration" : {
        "startTimestampMs" : "1624113800000",
        "endTimestampMs" : "1624147127477"
      },
      "distance" : 1542,
      "activityType" : "UNKNOWN_ACTIVITY_TYPE",
      "confidence" : "LOW",
      "activities" : [ {
        "activityType" : "UNKNOWN_ACTIVITY_TYPE",
        "probability" : 0.0
      }, {
        "activityType" : "IN_PASSENGER_VEHICLE",
        "probability" : 71.60719037055969
      }, {
        "activityType" : "STILL",
        "probability" : 14.548981189727783
      }, {
        "activityType" : "MOTORCYCLING",
        "probability" : 8.592981845140457
      }, {
        "activityType" : "WALKING",
        "probability" : 4.02572974562645
      }, {
        "activityType" : "CYCLING",
        "probability" : 0.3238260746002197
      }, {
        "activityType" : "IN_FERRY",
        "probability" : 0.2780858427286148
      }, {
        "activityType" : "IN_BUS",
        "probability" : 0.20111824851483107
      }, {
        "activityType" : "FLYING",
        "probability" : 0.18276595510542393
      }, {
        "activityType" : "RUNNING",
        "probability" : 0.13634301722049713
      }, {
        "activityType" : "IN_TRAIN",
        "probability" : 0.036963983438909054
      }, {
        "activityType" : "SAILING",
        "probability" : 0.0344453495927155
      }, {
        "activityType" : "SKIING",
        "probability" : 0.02880370884668082
      }, {
        "activityType" : "IN_SUBWAY",
        "probability" : 0.0025692534109111875
      }, {
        "activityType" : "IN_TRAM",
        "probability" : 1.4466104403254576E-4
      }, {
        "activityType" : "IN_VEHICLE",
        "probability" : 4.867868028668454E-5
      } ],
      "waypointPath" : {
        "waypoints" : [ {
          "latE7" : 52942848,
          "lngE7" : 1152357330
        }, {
          "latE7" : 52946858,
          "lngE7" : 1152361373
        }, {
          "latE7" : 52945971,
          "lngE7" : 1152364349
        } ]
      },
      "parkingEvent" : {
        "timestampMs" : "1624124249015",
        "location" : {
          "latitudeE7" : 52942307,
          "longitudeE7" : 1152362559,
          "accuracyMetres" : 152
        }
      }
    }
  }, {
    "activitySegment" : {
      "startLocation" : {
        "latitudeE7" : 52942357,
        "longitudeE7" : 1152362627,
        "sourceInfo" : {
          "deviceTag" : -125033256
        }
      },
      "endLocation" : {
        "latitudeE7" : 53050147,
        "longitudeE7" : 1152323032,
        "sourceInfo" : {
          "deviceTag" : -125033256
        }
      },
      "duration" : {
        "startTimestampMs" : "1624147127477",
        "endTimestampMs" : "1624154665000"
      },
      "distance" : 1737,
      "activityType" : "IN_PASSENGER_VEHICLE",
      "confidence" : "LOW",
      "activities" : [ {
        "activityType" : "IN_PASSENGER_VEHICLE",
        "probability" : 42.671793699264526
      }, {
        "activityType" : "STILL",
        "probability" : 31.662407517433167
      }, {
        "activityType" : "MOTORCYCLING",
        "probability" : 12.902823090553284
      }, {
        "activityType" : "WALKING",
        "probability" : 7.290350645780563
      }, {
        "activityType" : "CYCLING",
        "probability" : 4.132018983364105
      }, {
        "activityType" : "IN_BUS",
        "probability" : 0.39580995216965675
      }, {
        "activityType" : "RUNNING",
        "probability" : 0.38137335795909166
      }, {
        "activityType" : "IN_FERRY",
        "probability" : 0.276383338496089
      }, {
        "activityType" : "SKIING",
        "probability" : 0.07584185805171728
      }, {
        "activityType" : "FLYING",
        "probability" : 0.07445309893228114
      }, {
        "activityType" : "SAILING",
        "probability" : 0.06321888067759573
      }, {
        "activityType" : "IN_TRAIN",
        "probability" : 0.05742749199271202
      }, {
        "activityType" : "IN_SUBWAY",
        "probability" : 0.013856963778380305
      }, {
        "activityType" : "IN_TRAM",
        "probability" : 0.001772450195858255
      }, {
        "activityType" : "IN_VEHICLE",
        "probability" : 4.6359377847693395E-4
      } ],
      "waypointPath" : {
        "waypoints" : [ {
          "latE7" : 52946367,
          "lngE7" : 1152363357
        }, {
          "latE7" : 53026061,
          "lngE7" : 1152334823
        }, {
          "latE7" : 53049526,
          "lngE7" : 1152322692
        } ]
      },
      "parkingEvent" : {
        "timestampMs" : "1624154760162",
        "location" : {
          "latitudeE7" : 53050671,
          "longitudeE7" : 1152323018,
          "accuracyMetres" : 83
        }
      }
    }
  }, {
    "placeVisit" : {
      "location" : {
        "latitudeE7" : 53052383,
        "longitudeE7" : 1152318939,
        "placeId" : "ChIJlR4GcxkZIzIRdlOhspcVOd0",
        "address" : "87000 Labuan\nWilayah Persekutuan Labuan\nMalaysia",
        "name" : "Kuarters TUDM Taman Fulliwa",
        "sourceInfo" : {
          "deviceTag" : -125033256
        },
        "locationConfidence" : 24.30882
      },
      "duration" : {
        "startTimestampMs" : "1624154665000",
        "endTimestampMs" : "1624155178515"
      },
      "placeConfidence" : "LOW_CONFIDENCE",
      "centerLatE7" : 53051017,
      "centerLngE7" : 1152322517,
      "visitConfidence" : 77,
      "otherCandidateLocations" : [ {
        "latitudeE7" : 53026891,
        "longitudeE7" : 1152326845,
        "placeId" : "ChIJAcjHMq8ZIzIRIaWVhOSW3N0",
        "locationConfidence" : 12.845394
      }, {
        "latitudeE7" : 53065968,
        "longitudeE7" : 1152303314,
        "placeId" : "ChIJbVJ_p64ZIzIRH8E0v228Ksg",
        "locationConfidence" : 11.433491
      }, {
        "latitudeE7" : 53047576,
        "longitudeE7" : 1152297787,
        "placeId" : "ChIJxyI6GaoZIzIR93-kdquCIWA",
        "locationConfidence" : 8.353495
      }, {
        "latitudeE7" : 53078278,
        "longitudeE7" : 1152163339,
        "placeId" : "ChIJb_ZcEgsZIzIRy9ocyzmo1dU",
        "locationConfidence" : 7.321643
      }, {
        "latitudeE7" : 53031868,
        "longitudeE7" : 1152332205,
        "placeId" : "ChIJ225FUaoZIzIRbHypO27HYWE",
        "locationConfidence" : 5.712803
      }, {
        "latitudeE7" : 53132084,
        "longitudeE7" : 1152184291,
        "placeId" : "ChIJ0dOHXbwZIzIRDwxnqycJRKo",
        "locationConfidence" : 4.812112
      }, {
        "latitudeE7" : 53106437,
        "longitudeE7" : 1152190321,
        "placeId" : "ChIJoYRsWpEZIzIRFsMHI_It4co",
        "locationConfidence" : 3.7888436
      }, {
        "latitudeE7" : 53052060,
        "longitudeE7" : 1152329103,
        "placeId" : "ChIJEYHmEdcZIzIR8ljAtMRY9IE",
        "locationConfidence" : 2.4503856
      }, {
        "latitudeE7" : 53036139,
        "longitudeE7" : 1152329470,
        "placeId" : "ChIJM6RCItEZIzIRzgdG-PeY7FA",
        "locationConfidence" : 0.8060533
      } ],
      "editConfirmationStatus" : "NOT_CONFIRMED"
    }
  }, {
    "activitySegment" : {
      "startLocation" : {
        "latitudeE7" : 53050905,
        "longitudeE7" : 1152323386,
        "sourceInfo" : {
          "deviceTag" : -125033256
        }
      },
      "endLocation" : {
        "latitudeE7" : 52941785,
        "longitudeE7" : 1152360750,
        "sourceInfo" : {
          "deviceTag" : -125033256
        }
      },
      "duration" : {
        "startTimestampMs" : "1624155178515",
        "endTimestampMs" : "1624155584000"
      },
      "distance" : 1550,
      "activityType" : "IN_PASSENGER_VEHICLE",
      "confidence" : "MEDIUM",
      "activities" : [ {
        "activityType" : "IN_PASSENGER_VEHICLE",
        "probability" : 65.42990207672119
      }, {
        "activityType" : "MOTORCYCLING",
        "probability" : 23.869715631008148
      }, {
        "activityType" : "WALKING",
        "probability" : 6.691884994506836
      }, {
        "activityType" : "CYCLING",
        "probability" : 2.198294550180435
      }, {
        "activityType" : "STILL",
        "probability" : 1.0841544717550278
      }, {
        "activityType" : "RUNNING",
        "probability" : 0.2515811938792467
      }, {
        "activityType" : "IN_BUS",
        "probability" : 0.22265927400439978
      }, {
        "activityType" : "IN_FERRY",
        "probability" : 0.13862779596820474
      }, {
        "activityType" : "FLYING",
        "probability" : 0.04662062565330416
      }, {
        "activityType" : "SKIING",
        "probability" : 0.026587100001052022
      }, {
        "activityType" : "SAILING",
        "probability" : 0.019248516764491796
      }, {
        "activityType" : "IN_TRAIN",
        "probability" : 0.014401142834685743
      }, {
        "activityType" : "IN_SUBWAY",
        "probability" : 0.006074527482269332
      }, {
        "activityType" : "IN_TRAM",
        "probability" : 2.421519184281351E-4
      }, {
        "activityType" : "IN_VEHICLE",
        "probability" : 4.375757001184866E-6
      } ],
      "waypointPath" : {
        "waypoints" : [ {
          "latE7" : 53049526,
          "lngE7" : 1152322692
        }, {
          "latE7" : 53028912,
          "lngE7" : 1152334442
        }, {
          "latE7" : 52943806,
          "lngE7" : 1152369461
        }, {
          "latE7" : 52959256,
          "lngE7" : 1152383346
        } ]
      },
      "simplifiedRawPath" : {
        "points" : [ {
          "latE7" : 52941103,
          "lngE7" : 1152362595,
          "timestampMs" : "1624156240514",
          "accuracyMeters" : 87
        } ]
      },
      "parkingEvent" : {
        "timestampMs" : "1624155503983",
        "location" : {
          "latitudeE7" : 52947949,
          "longitudeE7" : 1152366660,
          "accuracyMetres" : 24
        }
      }
    }
  }, {
    "placeVisit" : {
      "location" : {
        "latitudeE7" : 52945584,
        "longitudeE7" : 1152361973,
        "placeId" : "ChIJH_egSBAZIzIRQh7wrqQnIgI",
        "address" : "Kg baru selamat\nKampung Baru\n87000 Labuan\nWilayah Persekutuan Labuan\nMalaysia",
        "name" : "JNNY kg baru",
        "sourceInfo" : {
          "deviceTag" : -125033256
        },
        "locationConfidence" : 47.692738
      },
      "duration" : {
        "startTimestampMs" : "1624155584000",
        "endTimestampMs" : "1624156428944"
      },
      "placeConfidence" : "LOW_CONFIDENCE",
      "centerLatE7" : 52941546,
      "centerLngE7" : 1152361500,
      "visitConfidence" : 63,
      "otherCandidateLocations" : [ {
        "latitudeE7" : 52945660,
        "longitudeE7" : 1152362197,
        "placeId" : "ChIJ0aNRhOAZIzIR3sata7SmcUU",
        "locationConfidence" : 8.97597
      }, {
        "latitudeE7" : 52938861,
        "longitudeE7" : 1152369661,
        "placeId" : "ChIJGcS0EacZIzIRMf921iVXau8",
        "locationConfidence" : 8.73495
      }, {
        "latitudeE7" : 52940059,
        "longitudeE7" : 1152360369,
        "placeId" : "ChIJgyLIFGYZIzIR2j5Gf4Ozs8Y",
        "locationConfidence" : 6.6998534
      }, {
        "latitudeE7" : 52948080,
        "longitudeE7" : 1152381017,
        "placeId" : "ChIJxa9ei0cZIzIR3xyGIZ8HKTY",
        "locationConfidence" : 2.9869516
      }, {
        "latitudeE7" : 52962054,
        "longitudeE7" : 1152383732,
        "placeId" : "ChIJf3TOczcZIzIRjn7E06mTfUc",
        "locationConfidence" : 1.9429982
      }, {
        "latitudeE7" : 52942594,
        "longitudeE7" : 1152338286,
        "placeId" : "ChIJ0RIe10sZIzIRGXmfJwvP2go",
        "locationConfidence" : 1.8606404
      }, {
        "latitudeE7" : 52959182,
        "longitudeE7" : 1152388364,
        "placeId" : "ChIJ4xGdY_4YIzIRDq2DVSrvgP8",
        "locationConfidence" : 1.4570966
      }, {
        "latitudeE7" : 52970435,
        "longitudeE7" : 1152368627,
        "placeId" : "ChIJ89YMGf4YIzIRiLoAEVVJWWs",
        "locationConfidence" : 0.8898955
      }, {
        "latitudeE7" : 52958847,
        "longitudeE7" : 1152372362,
        "placeId" : "ChIJjwFJ-DsZIzIR66NT6pDBvcQ",
        "locationConfidence" : 0.6179295
      } ],
      "editConfirmationStatus" : "NOT_CONFIRMED"
    }
  }, {
    "activitySegment" : {
      "startLocation" : {
        "latitudeE7" : 52941124,
        "longitudeE7" : 1152362559,
        "sourceInfo" : {
          "deviceTag" : -125033256
        }
      },
      "endLocation" : {
        "latitudeE7" : 52959086,
        "longitudeE7" : 1152383746,
        "sourceInfo" : {
          "deviceTag" : -125033256
        }
      },
      "duration" : {
        "startTimestampMs" : "1624156428944",
        "endTimestampMs" : "1624156638038"
      },
      "distance" : 309,
      "activityType" : "IN_PASSENGER_VEHICLE",
      "confidence" : "MEDIUM",
      "activities" : [ {
        "activityType" : "IN_PASSENGER_VEHICLE",
        "probability" : 64.05473351478577
      }, {
        "activityType" : "MOTORCYCLING",
        "probability" : 25.992530584335327
      }, {
        "activityType" : "WALKING",
        "probability" : 6.1144232749938965
      }, {
        "activityType" : "STILL",
        "probability" : 1.7396703362464905
      }, {
        "activityType" : "CYCLING",
        "probability" : 1.5515735372900963
      }, {
        "activityType" : "IN_BUS",
        "probability" : 0.20031922031193972
      }, {
        "activityType" : "RUNNING",
        "probability" : 0.18559260061010718
      }, {
        "activityType" : "IN_FERRY",
        "probability" : 0.07877014577388763
      }, {
        "activityType" : "FLYING",
        "probability" : 0.04005433293059468
      }, {
        "activityType" : "SAILING",
        "probability" : 0.012645614333450794
      }, {
        "activityType" : "SKIING",
        "probability" : 0.01146235954365693
      }, {
        "activityType" : "IN_TRAIN",
        "probability" : 0.009500826854491606
      }, {
        "activityType" : "IN_SUBWAY",
        "probability" : 0.008541546412743628
      }, {
        "activityType" : "IN_TRAM",
        "probability" : 1.6796099089333438E-4
      }, {
        "activityType" : "IN_VEHICLE",
        "probability" : 1.38219647283222E-5
      } ],
      "waypointPath" : {
        "waypoints" : [ {
          "latE7" : 52945756,
          "lngE7" : 1152364807
        }, {
          "latE7" : 52955994,
          "lngE7" : 1152381973
        }, {
          "latE7" : 52959256,
          "lngE7" : 1152383346
        } ]
      },
      "parkingEvent" : {
        "timestampMs" : "1624156702752",
        "location" : {
          "latitudeE7" : 52959213,
          "longitudeE7" : 1152383803,
          "accuracyMetres" : 77
        }
      }
    }
  }, {
    "placeVisit" : {
      "location" : {
        "latitudeE7" : 52960653,
        "longitudeE7" : 1152384117,
        "placeId" : "ChIJa24tBb0ZIzIRgo65RnKjecU",
        "address" : "IR9/B5, Tropical Light Industrial Estate Kg Muslim\n87000 Labuan\nWilayah Persekutuan Labuan\nMalaysia",
        "name" : "HV RESTAURANT",
        "sourceInfo" : {
          "deviceTag" : -125033256
        },
        "locationConfidence" : 75.51672
      },
      "duration" : {
        "startTimestampMs" : "1624156638038",
        "endTimestampMs" : "1624157395000"
      },
      "placeConfidence" : "MEDIUM_CONFIDENCE",
      "centerLatE7" : 52959947,
      "centerLngE7" : 1152384320,
      "visitConfidence" : 82,
      "otherCandidateLocations" : [ {
        "latitudeE7" : 52962054,
        "longitudeE7" : 1152383732,
        "placeId" : "ChIJf3TOczcZIzIRjn7E06mTfUc",
        "locationConfidence" : 3.194266
      }, {
        "latitudeE7" : 52960299,
        "longitudeE7" : 1152388706,
        "placeId" : "ChIJYzYHef4YIzIRyxrTVr8dn3U",
        "locationConfidence" : 1.7071247
      }, {
        "latitudeE7" : 52963006,
        "longitudeE7" : 1152384529,
        "placeId" : "ChIJ1bQ0d_4YIzIRsMV_ZXh4K5U",
        "locationConfidence" : 1.5905304
      }, {
        "latitudeE7" : 52959024,
        "longitudeE7" : 1152388507,
        "placeId" : "ChIJP_DHYxgZIzIRjrrPv0vSerk",
        "locationConfidence" : 1.2948391
      }, {
        "latitudeE7" : 52962163,
        "longitudeE7" : 1152384288,
        "placeId" : "ChIJoWzTgOEZIzIRz3HYAKPZ_CE",
        "locationConfidence" : 1.1227272
      }, {
        "latitudeE7" : 52959215,
        "longitudeE7" : 1152382811,
        "placeId" : "ChIJOcHB2P0YIzIRqM9YYUv1Vqw",
        "locationConfidence" : 0.94862014
      }, {
        "latitudeE7" : 52964141,
        "longitudeE7" : 1152389997,
        "placeId" : "ChIJJ2udfv4YIzIRIKT5ya29WqY",
        "locationConfidence" : 0.8926057
      }, {
        "latitudeE7" : 52961989,
        "longitudeE7" : 1152390323,
        "placeId" : "ChIJ54jPh-MZIzIRUv9LEbK7f9U",
        "locationConfidence" : 0.75096
      }, {
        "latitudeE7" : 52959358,
        "longitudeE7" : 1152389710,
        "placeId" : "ChIJEWuvKWgZIzIRiddnKUeCHZM",
        "locationConfidence" : 0.5121021
      } ],
      "editConfirmationStatus" : "NOT_CONFIRMED"
    }
  }, {
    "activitySegment" : {
      "startLocation" : {
        "latitudeE7" : 52960600,
        "longitudeE7" : 1152384350,
        "sourceInfo" : {
          "deviceTag" : -125033256
        }
      },
      "endLocation" : {
        "latitudeE7" : 52949526,
        "longitudeE7" : 1152485666,
        "sourceInfo" : {
          "deviceTag" : -125033256
        }
      },
      "duration" : {
        "startTimestampMs" : "1624157395000",
        "endTimestampMs" : "1624158007000"
      },
      "distance" : 3740,
      "activityType" : "IN_PASSENGER_VEHICLE",
      "confidence" : "MEDIUM",
      "activities" : [ {
        "activityType" : "IN_PASSENGER_VEHICLE",
        "probability" : 60.07462739944458
      }, {
        "activityType" : "MOTORCYCLING",
        "probability" : 19.472479820251465
      }, {
        "activityType" : "STILL",
        "probability" : 18.389247357845306
      }, {
        "activityType" : "WALKING",
        "probability" : 1.4936954714357853
      }, {
        "activityType" : "CYCLING",
        "probability" : 0.25415518321096897
      }, {
        "activityType" : "IN_BUS",
        "probability" : 0.13075253227725625
      }, {
        "activityType" : "RUNNING",
        "probability" : 0.0635316304396838
      }, {
        "activityType" : "FLYING",
        "probability" : 0.049254571786150336
      }, {
        "activityType" : "IN_FERRY",
        "probability" : 0.045415537897497416
      }, {
        "activityType" : "IN_TRAIN",
        "probability" : 0.010010420373873785
      }, {
        "activityType" : "SKIING",
        "probability" : 0.00857685154187493
      }, {
        "activityType" : "SAILING",
        "probability" : 0.006202246731845662
      }, {
        "activityType" : "IN_SUBWAY",
        "probability" : 0.0019966486433986574
      }, {
        "activityType" : "IN_TRAM",
        "probability" : 3.5682589327734604E-5
      }, {
        "activityType" : "IN_VEHICLE",
        "probability" : 2.1358526680614887E-5
      } ],
      "waypointPath" : {
        "waypoints" : [ {
          "latE7" : 52960762,
          "lngE7" : 1152383956
        }, {
          "latE7" : 52996253,
          "lngE7" : 1152405624
        }, {
          "latE7" : 53070011,
          "lngE7" : 1152378616
        }, {
          "latE7" : 52940549,
          "lngE7" : 1152430801
        }, {
          "latE7" : 52949843,
          "lngE7" : 1152485885
        } ]
      },
      "simplifiedRawPath" : {
        "points" : [ {
          "latE7" : 53069735,
          "lngE7" : 1152377777,
          "timestampMs" : "1624157722000",
          "accuracyMeters" : 3
        } ]
      },
      "parkingEvent" : {
        "timestampMs" : "1624158067634",
        "location" : {
          "latitudeE7" : 52941328,
          "longitudeE7" : 1152493773,
          "accuracyMetres" : 93
        }
      }
    }
  }, {
    "placeVisit" : {
      "location" : {
        "latitudeE7" : 52944376,
        "longitudeE7" : 1152492503,
        "placeId" : "ChIJwykKvvAYIzIRKhFuWPyA-hg",
        "address" : "Lapangan Terbang Labuan\nJalan Tun Mustapha\n87015 Labuan\nWilayah Persekutuan Labuan\nMalaysia",
        "name" : "Labuan Airport",
        "locationConfidence" : 100.0
      },
      "duration" : {
        "startTimestampMs" : "1624158007000",
        "endTimestampMs" : "1624160509000"
      },
      "placeConfidence" : "USER_CONFIRMED",
      "childVisits" : [ {
        "location" : {
          "latitudeE7" : 52940483,
          "longitudeE7" : 1152494814,
          "placeId" : "ChIJr0d2n_MYIzIR9Ufl1TQuZIo",
          "address" : "Lapangan Terbang\n87000 Labuan\nWilayah Persekutuan Labuan\nMalaysia",
          "name" : "McDonald's Labuan Airport",
          "sourceInfo" : {
            "deviceTag" : -125033256
          },
          "locationConfidence" : 56.23494
        },
        "duration" : {
          "startTimestampMs" : "1624158766000",
          "endTimestampMs" : "1624160509000"
        },
        "placeConfidence" : "MEDIUM_CONFIDENCE",
        "centerLatE7" : 52941072,
        "centerLngE7" : 1152492740,
        "visitConfidence" : 89,
        "otherCandidateLocations" : [ {
          "latitudeE7" : 52940910,
          "longitudeE7" : 1152493759,
          "placeId" : "ChIJNVvBv_AYIzIRK16e1EQHMkc",
          "locationConfidence" : 4.6735544
        }, {
          "latitudeE7" : 52945454,
          "longitudeE7" : 1152494969,
          "placeId" : "ChIJs9XpuPAYIzIR6mo6mBOifYc",
          "locationConfidence" : 3.6490128
        }, {
          "latitudeE7" : 52941537,
          "longitudeE7" : 1152499029,
          "placeId" : "ChIJcw2t6_AYIzIRuF8535IUHoQ",
          "locationConfidence" : 1.676077
        }, {
          "latitudeE7" : 52944000,
          "longitudeE7" : 1152495500,
          "placeId" : "ChIJR4DHv_AYIzIRoDOvNwPxGi0",
          "locationConfidence" : 1.3073704
        }, {
          "latitudeE7" : 52938816,
          "longitudeE7" : 1152498838,
          "placeId" : "ChIJv_dn7PAYIzIRECMJ3nwtUOM",
          "locationConfidence" : 0.580221
        }, {
          "latitudeE7" : 52928979,
          "longitudeE7" : 1152481306,
          "placeId" : "ChIJK5E_HssZIzIRakHBaFqhMwU",
          "locationConfidence" : 0.57384306
        }, {
          "latitudeE7" : 52944440,
          "longitudeE7" : 1152493430,
          "placeId" : "ChIJEWNwvvAYIzIRyfYPZ-MaCSM",
          "locationConfidence" : 0.53869885
        }, {
          "latitudeE7" : 52941254,
          "longitudeE7" : 1152499523,
          "placeId" : "ChIJc0uJuPAYIzIRwdrIx_atcqU",
          "locationConfidence" : 0.4998893
        } ],
        "editConfirmationStatus" : "NOT_CONFIRMED"
      } ],
      "visitConfidence" : 100,
      "otherCandidateLocations" : [ {
        "latitudeE7" : 52940483,
        "longitudeE7" : 1152494814,
        "placeId" : "ChIJr0d2n_MYIzIR9Ufl1TQuZIo",
        "locationConfidence" : 8.977091
      }, {
        "latitudeE7" : 52944000,
        "longitudeE7" : 1152495500,
        "placeId" : "ChIJR4DHv_AYIzIRoDOvNwPxGi0",
        "locationConfidence" : 0.30288
      }, {
        "latitudeE7" : 52941254,
        "longitudeE7" : 1152499523,
        "placeId" : "ChIJc0uJuPAYIzIRwdrIx_atcqU",
        "locationConfidence" : 0.27420747
      }, {
        "latitudeE7" : 52941537,
        "longitudeE7" : 1152499029,
        "placeId" : "ChIJcw2t6_AYIzIRuF8535IUHoQ",
        "locationConfidence" : 0.16959982
      } ],
      "editConfirmationStatus" : "CONFIRMED"
    }
  }, {
    "activitySegment" : {
      "startLocation" : {
        "latitudeE7" : 52940292,
        "longitudeE7" : 1152492043,
        "sourceInfo" : {
          "deviceTag" : -125033256
        }
      },
      "endLocation" : {
        "latitudeE7" : 52943228,
        "longitudeE7" : 1152490122,
        "sourceInfo" : {
          "deviceTag" : -125033256
        }
      },
      "duration" : {
        "startTimestampMs" : "1624160509000",
        "endTimestampMs" : "1624161318000"
      },
      "distance" : 5403,
      "activityType" : "IN_PASSENGER_VEHICLE",
      "confidence" : "MEDIUM",
      "activities" : [ {
        "activityType" : "IN_PASSENGER_VEHICLE",
        "probability" : 70.87584137916565
      }, {
        "activityType" : "MOTORCYCLING",
        "probability" : 23.894160985946655
      }, {
        "activityType" : "STILL",
        "probability" : 3.6918137222528458
      }, {
        "activityType" : "WALKING",
        "probability" : 0.9158018045127392
      }, {
        "activityType" : "CYCLING",
        "probability" : 0.17498851520940661
      }, {
        "activityType" : "IN_BUS",
        "probability" : 0.13790366938337684
      }, {
        "activityType" : "FLYING",
        "probability" : 0.11316300369799137
      }, {
        "activityType" : "IN_FERRY",
        "probability" : 0.0989372143521905
      }, {
        "activityType" : "RUNNING",
        "probability" : 0.06577922613359988
      }, {
        "activityType" : "SKIING",
        "probability" : 0.012895319378003478
      }, {
        "activityType" : "IN_TRAIN",
        "probability" : 0.009166168456431478
      }, {
        "activityType" : "SAILING",
        "probability" : 0.008552549843443558
      }, {
        "activityType" : "IN_SUBWAY",
        "probability" : 8.93365631782217E-4
      }, {
        "activityType" : "IN_VEHICLE",
        "probability" : 8.162263043232088E-5
      }, {
        "activityType" : "IN_TRAM",
        "probability" : 2.7733116780837008E-5
      } ],
      "waypointPath" : {
        "waypoints" : [ {
          "latE7" : 52940497,
          "lngE7" : 1152492370
        }, {
          "latE7" : 52956833,
          "lngE7" : 1152410430
        }, {
          "latE7" : 52996001,
          "lngE7" : 1152325973
        }, {
          "latE7" : 52940549,
          "lngE7" : 1152430801
        }, {
          "latE7" : 52943396,
          "lngE7" : 1152490386
        } ]
      },
      "simplifiedRawPath" : {
        "points" : [ {
          "latE7" : 52995763,
          "lngE7" : 1152326813,
          "timestampMs" : "1624160960000",
          "accuracyMeters" : 3
        }, {
          "latE7" : 53019352,
          "lngE7" : 1152304306,
          "timestampMs" : "1624161039000",
          "accuracyMeters" : 3
        } ]
      },
      "parkingEvent" : {
        "timestampMs" : "1624161379978",
        "location" : {
          "latitudeE7" : 52941164,
          "longitudeE7" : 1152492486,
          "accuracyMetres" : 13
        }
      }
    }
  }, {
    "placeVisit" : {
      "location" : {
        "latitudeE7" : 52944376,
        "longitudeE7" : 1152492503,
        "placeId" : "ChIJwykKvvAYIzIRKhFuWPyA-hg",
        "address" : "Lapangan Terbang Labuan\nJalan Tun Mustapha\n87015 Labuan\nWilayah Persekutuan Labuan\nMalaysia",
        "name" : "Labuan Airport",
        "sourceInfo" : {
          "deviceTag" : -125033256
        },
        "locationConfidence" : 90.27951
      },
      "duration" : {
        "startTimestampMs" : "1624161318000",
        "endTimestampMs" : "1624163434000"
      },
      "placeConfidence" : "MEDIUM_CONFIDENCE",
      "childVisits" : [ {
        "location" : {
          "latitudeE7" : 52940483,
          "longitudeE7" : 1152494814,
          "placeId" : "ChIJr0d2n_MYIzIR9Ufl1TQuZIo",
          "address" : "Lapangan Terbang\n87000 Labuan\nWilayah Persekutuan Labuan\nMalaysia",
          "name" : "McDonald's Labuan Airport",
          "sourceInfo" : {
            "deviceTag" : -125033256
          },
          "locationConfidence" : 56.833225
        },
        "duration" : {
          "startTimestampMs" : "1624161318000",
          "endTimestampMs" : "1624163434000"
        },
        "placeConfidence" : "MEDIUM_CONFIDENCE",
        "centerLatE7" : 52941647,
        "centerLngE7" : 1152493553,
        "visitConfidence" : 85,
        "otherCandidateLocations" : [ {
          "latitudeE7" : 52940910,
          "longitudeE7" : 1152493759,
          "placeId" : "ChIJNVvBv_AYIzIRK16e1EQHMkc",
          "locationConfidence" : 3.589954
        }, {
          "latitudeE7" : 52945454,
          "longitudeE7" : 1152494969,
          "placeId" : "ChIJs9XpuPAYIzIR6mo6mBOifYc",
          "locationConfidence" : 2.7585368
        }, {
          "latitudeE7" : 52941537,
          "longitudeE7" : 1152499029,
          "placeId" : "ChIJcw2t6_AYIzIRuF8535IUHoQ",
          "locationConfidence" : 1.484698
        }, {
          "latitudeE7" : 52944000,
          "longitudeE7" : 1152495500,
          "placeId" : "ChIJR4DHv_AYIzIRoDOvNwPxGi0",
          "locationConfidence" : 1.3249946
        }, {
          "latitudeE7" : 52938816,
          "longitudeE7" : 1152498838,
          "placeId" : "ChIJv_dn7PAYIzIRECMJ3nwtUOM",
          "locationConfidence" : 0.557002
        }, {
          "latitudeE7" : 52944440,
          "longitudeE7" : 1152493430,
          "placeId" : "ChIJEWNwvvAYIzIRyfYPZ-MaCSM",
          "locationConfidence" : 0.540645
        }, {
          "latitudeE7" : 52941254,
          "longitudeE7" : 1152499523,
          "placeId" : "ChIJc0uJuPAYIzIRwdrIx_atcqU",
          "locationConfidence" : 0.5202338
        } ],
        "editConfirmationStatus" : "NOT_CONFIRMED"
      } ],
      "centerLatE7" : 52941647,
      "centerLngE7" : 1152493553,
      "visitConfidence" : 85,
      "otherCandidateLocations" : [ {
        "latitudeE7" : 52940483,
        "longitudeE7" : 1152494814,
        "placeId" : "ChIJr0d2n_MYIzIR9Ufl1TQuZIo",
        "locationConfidence" : 8.70258
      }, {
        "latitudeE7" : 52941254,
        "longitudeE7" : 1152499523,
        "placeId" : "ChIJc0uJuPAYIzIRwdrIx_atcqU",
        "locationConfidence" : 0.25802952
      }, {
        "latitudeE7" : 52944000,
        "longitudeE7" : 1152495500,
        "placeId" : "ChIJR4DHv_AYIzIRoDOvNwPxGi0",
        "locationConfidence" : 0.23671433
      }, {
        "latitudeE7" : 52941537,
        "longitudeE7" : 1152499029,
        "placeId" : "ChIJcw2t6_AYIzIRuF8535IUHoQ",
        "locationConfidence" : 0.16187362
      } ],
      "editConfirmationStatus" : "NOT_CONFIRMED"
    }
  }, {
    "activitySegment" : {
      "startLocation" : {
        "latitudeE7" : 52941049,
        "longitudeE7" : 1152491900,
        "sourceInfo" : {
          "deviceTag" : -125033256
        }
      },
      "endLocation" : {
        "latitudeE7" : 52819354,
        "longitudeE7" : 1152495659,
        "sourceInfo" : {
          "deviceTag" : -125033256
        }
      },
      "duration" : {
        "startTimestampMs" : "1624163434000",
        "endTimestampMs" : "1624164387000"
      },
      "distance" : 8747,
      "activityType" : "MOTORCYCLING",
      "confidence" : "MEDIUM",
      "activities" : [ {
        "activityType" : "MOTORCYCLING",
        "probability" : 68.81283521652222
      }, {
        "activityType" : "IN_PASSENGER_VEHICLE",
        "probability" : 28.63682210445404
      }, {
        "activityType" : "WALKING",
        "probability" : 1.1376475915312767
      }, {
        "activityType" : "STILL",
        "probability" : 0.6348295602947474
      }, {
        "activityType" : "CYCLING",
        "probability" : 0.44454759918153286
      }, {
        "activityType" : "RUNNING",
        "probability" : 0.1001984579488635
      }, {
        "activityType" : "IN_BUS",
        "probability" : 0.08972863433882594
      }, {
        "activityType" : "IN_FERRY",
        "probability" : 0.06913103861734271
      }, {
        "activityType" : "FLYING",
        "probability" : 0.0429858744610101
      }, {
        "activityType" : "SKIING",
        "probability" : 0.013597715587820858
      }, {
        "activityType" : "SAILING",
        "probability" : 0.012219345080666244
      }, {
        "activityType" : "IN_TRAIN",
        "probability" : 0.0046332959755091
      }, {
        "activityType" : "IN_SUBWAY",
        "probability" : 7.40156019674032E-4
      }, {
        "activityType" : "IN_VEHICLE",
        "probability" : 7.092104397088406E-5
      }, {
        "activityType" : "IN_TRAM",
        "probability" : 4.014255239326303E-6
      } ],
      "waypointPath" : {
        "waypoints" : [ {
          "latE7" : 52941088,
          "lngE7" : 1152491989
        }, {
          "latE7" : 52859249,
          "lngE7" : 1152510681
        }, {
          "latE7" : 52912821,
          "lngE7" : 1152589187
        }, {
          "latE7" : 52778730,
          "lngE7" : 1152582702
        }, {
          "latE7" : 52760686,
          "lngE7" : 1152524337
        }, {
          "latE7" : 52747282,
          "lngE7" : 1152520599
        }, {
          "latE7" : 52739462,
          "lngE7" : 1152500305
        }, {
          "latE7" : 52741951,
          "lngE7" : 1152497329
        }, {
          "latE7" : 52754411,
          "lngE7" : 1152464294
        }, {
          "latE7" : 52767224,
          "lngE7" : 1152506256
        }, {
          "latE7" : 52766985,
          "lngE7" : 1152507095
        }, {
          "latE7" : 52817654,
          "lngE7" : 1152493972
        }, {
          "latE7" : 52819571,
          "lngE7" : 1152495269
        } ]
      },
      "simplifiedRawPath" : {
        "points" : [ {
          "latE7" : 52912002,
          "lngE7" : 1152588806,
          "timestampMs" : "1624163723000",
          "accuracyMeters" : 2
        }, {
          "latE7" : 52809377,
          "lngE7" : 1152610168,
          "timestampMs" : "1624163953000",
          "accuracyMeters" : 3
        }, {
          "latE7" : 52760563,
          "lngE7" : 1152524796,
          "timestampMs" : "1624164079000",
          "accuracyMeters" : 3
        }, {
          "latE7" : 52739367,
          "lngE7" : 1152500305,
          "timestampMs" : "1624164111000",
          "accuracyMeters" : 3
        }, {
          "latE7" : 52754178,
          "lngE7" : 1152464828,
          "timestampMs" : "1624164143000",
          "accuracyMeters" : 3
        }, {
          "latE7" : 52767367,
          "lngE7" : 1152507172,
          "timestampMs" : "1624164222000",
          "accuracyMeters" : 3
        } ]
      },
      "parkingEvent" : {
        "timestampMs" : "1624164771041",
        "location" : {
          "latitudeE7" : 52824241,
          "longitudeE7" : 1152489123,
          "accuracyMetres" : 13
        }
      }
    }
  }, {
    "placeVisit" : {
      "location" : {
        "latitudeE7" : 52824664,
        "longitudeE7" : 1152490997,
        "placeId" : "ChIJ3wTQGPsYIzIRcQyNhNHkYqo",
        "address" : "Lot U-1411, Jalan Masjid, P.O. Box 81228, Labuan, 87022, Wilayah Persekutuan\nBandar Labuan\n87022 Labuan\nLabuan Federal Territory\nMalaysia",
        "name" : "Subaru Labuan",
        "sourceInfo" : {
          "deviceTag" : -125033256
        },
        "locationConfidence" : 33.59409
      },
      "duration" : {
        "startTimestampMs" : "1624164387000",
        "endTimestampMs" : "1624164874000"
      },
      "placeConfidence" : "LOW_CONFIDENCE",
      "centerLatE7" : 52824027,
      "centerLngE7" : 1152490027,
      "visitConfidence" : 94,
      "otherCandidateLocations" : [ {
        "latitudeE7" : 52827125,
        "longitudeE7" : 1152496495,
        "placeId" : "ChIJN4N9QugYIzIReBWSGkNWsFc",
        "locationConfidence" : 24.52773
      }, {
        "latitudeE7" : 52821020,
        "longitudeE7" : 1152479611,
        "placeId" : "ChIJgXNJ-OcYIzIRRhlSnhYG9Ws",
        "locationConfidence" : 16.44373
      }, {
        "latitudeE7" : 52818387,
        "longitudeE7" : 1152497799,
        "placeId" : "ChIJL02fQegYIzIRLGYTEmSwZRM",
        "locationConfidence" : 5.5111847
      }, {
        "latitudeE7" : 52823922,
        "longitudeE7" : 1152487721,
        "placeId" : "ChIJF_ArDegYIzIRUJ0O_b1FtTQ",
        "locationConfidence" : 3.5462017
      }, {
        "latitudeE7" : 52826881,
        "longitudeE7" : 1152495803,
        "placeId" : "ChIJe1M11DkZIzIR7O_gqHi0vhk",
        "locationConfidence" : 3.4530175
      }, {
        "latitudeE7" : 52821656,
        "longitudeE7" : 1152490829,
        "placeId" : "ChIJ48qGK_4ZIzIRwwB-DCNa_z8",
        "locationConfidence" : 3.4075327
      }, {
        "latitudeE7" : 52834031,
        "longitudeE7" : 1152491365,
        "placeId" : "ChIJi__Eh-gYIzIRpJ1GHJg6nxE",
        "locationConfidence" : 3.288839
      }, {
        "latitudeE7" : 52825134,
        "longitudeE7" : 1152487168,
        "placeId" : "ChIJmx1qc-gYIzIR2F9OtDdosgQ",
        "locationConfidence" : 2.5674486
      }, {
        "latitudeE7" : 52837718,
        "longitudeE7" : 1152475676,
        "placeId" : "ChIJS8_x0ucYIzIR6DLxsgGlSqM",
        "locationConfidence" : 2.0147297
      } ],
      "editConfirmationStatus" : "NOT_CONFIRMED"
    }
  }, {
    "activitySegment" : {
      "startLocation" : {
        "latitudeE7" : 52821952,
        "longitudeE7" : 1152489782,
        "sourceInfo" : {
          "deviceTag" : -125033256
        }
      },
      "endLocation" : {
        "latitudeE7" : 52921882,
        "longitudeE7" : 1152474958,
        "sourceInfo" : {
          "deviceTag" : -125033256
        }
      },
      "duration" : {
        "startTimestampMs" : "1624164874000",
        "endTimestampMs" : "1624165008000"
      },
      "distance" : 1395,
      "activityType" : "MOTORCYCLING",
      "confidence" : "MEDIUM",
      "activities" : [ {
        "activityType" : "MOTORCYCLING",
        "probability" : 66.4027988910675
      }, {
        "activityType" : "IN_PASSENGER_VEHICLE",
        "probability" : 31.42087161540985
      }, {
        "activityType" : "WALKING",
        "probability" : 1.023233588784933
      }, {
        "activityType" : "STILL",
        "probability" : 0.5670320708304644
      }, {
        "activityType" : "CYCLING",
        "probability" : 0.39646215736866
      }, {
        "activityType" : "IN_BUS",
        "probability" : 0.05741079803556204
      }, {
        "activityType" : "RUNNING",
        "probability" : 0.05357593181543052
      }, {
        "activityType" : "IN_FERRY",
        "probability" : 0.03698749060276896
      }, {
        "activityType" : "FLYING",
        "probability" : 0.019147740385960788
      }, {
        "activityType" : "SKIING",
        "probability" : 0.010034331353381276
      }, {
        "activityType" : "SAILING",
        "probability" : 0.007205407746369019
      }, {
        "activityType" : "IN_TRAIN",
        "probability" : 0.004635784716811031
      }, {
        "activityType" : "IN_SUBWAY",
        "probability" : 5.846972271683626E-4
      }, {
        "activityType" : "IN_VEHICLE",
        "probability" : 4.276265030966897E-6
      }, {
        "activityType" : "IN_TRAM",
        "probability" : 3.36660086475149E-6
      } ],
      "waypointPath" : {
        "waypoints" : [ {
          "latE7" : 52820773,
          "lngE7" : 1152488937
        }, {
          "latE7" : 52817654,
          "lngE7" : 1152493972
        }, {
          "latE7" : 52831726,
          "lngE7" : 1152503509
        }, {
          "latE7" : 52864670,
          "lngE7" : 1152503585
        }, {
          "latE7" : 52921438,
          "lngE7" : 1152475280
        } ]
      },
      "simplifiedRawPath" : {
        "points" : [ {
          "latE7" : 52831650,
          "lngE7" : 1152503586,
          "timestampMs" : "1624164905000",
          "accuracyMeters" : 3
        } ]
      },
      "parkingEvent" : {
        "timestampMs" : "1624165070000",
        "location" : {
          "latitudeE7" : 52939833,
          "longitudeE7" : 1152492850,
          "accuracyMetres" : 60
        }
      }
    }
  }, {
    "placeVisit" : {
      "location" : {
        "latitudeE7" : 52944376,
        "longitudeE7" : 1152492503,
        "placeId" : "ChIJwykKvvAYIzIRKhFuWPyA-hg",
        "address" : "Lapangan Terbang Labuan\nJalan Tun Mustapha\n87015 Labuan\nWilayah Persekutuan Labuan\nMalaysia",
        "name" : "Labuan Airport",
        "sourceInfo" : {
          "deviceTag" : -125033256
        },
        "locationConfidence" : 91.921165
      },
      "duration" : {
        "startTimestampMs" : "1624165008000",
        "endTimestampMs" : "1624167140454"
      },
      "placeConfidence" : "MEDIUM_CONFIDENCE",
      "childVisits" : [ {
        "location" : {
          "latitudeE7" : 52940483,
          "longitudeE7" : 1152494814,
          "placeId" : "ChIJr0d2n_MYIzIR9Ufl1TQuZIo",
          "address" : "Lapangan Terbang\n87000 Labuan\nWilayah Persekutuan Labuan\nMalaysia",
          "name" : "McDonald's Labuan Airport",
          "sourceInfo" : {
            "deviceTag" : -125033256
          },
          "locationConfidence" : 57.015236
        },
        "duration" : {
          "startTimestampMs" : "1624165070000",
          "endTimestampMs" : "1624167140454"
        },
        "placeConfidence" : "MEDIUM_CONFIDENCE",
        "centerLatE7" : 52940768,
        "centerLngE7" : 1152492455,
        "visitConfidence" : 83,
        "otherCandidateLocations" : [ {
          "latitudeE7" : 52940910,
          "longitudeE7" : 1152493759,
          "placeId" : "ChIJNVvBv_AYIzIRK16e1EQHMkc",
          "locationConfidence" : 6.5437865
        }, {
          "latitudeE7" : 52945454,
          "longitudeE7" : 1152494969,
          "placeId" : "ChIJs9XpuPAYIzIR6mo6mBOifYc",
          "locationConfidence" : 4.5143433
        }, {
          "latitudeE7" : 52941537,
          "longitudeE7" : 1152499029,
          "placeId" : "ChIJcw2t6_AYIzIRuF8535IUHoQ",
          "locationConfidence" : 1.7754378
        }, {
          "latitudeE7" : 52944000,
          "longitudeE7" : 1152495500,
          "placeId" : "ChIJR4DHv_AYIzIRoDOvNwPxGi0",
          "locationConfidence" : 1.6826692
        }, {
          "latitudeE7" : 52938816,
          "longitudeE7" : 1152498838,
          "placeId" : "ChIJv_dn7PAYIzIRECMJ3nwtUOM",
          "locationConfidence" : 0.73486066
        }, {
          "latitudeE7" : 52928979,
          "longitudeE7" : 1152481306,
          "placeId" : "ChIJK5E_HssZIzIRakHBaFqhMwU",
          "locationConfidence" : 0.619021
        }, {
          "latitudeE7" : 52944440,
          "longitudeE7" : 1152493430,
          "placeId" : "ChIJEWNwvvAYIzIRyfYPZ-MaCSM",
          "locationConfidence" : 0.576944
        }, {
          "latitudeE7" : 52941254,
          "longitudeE7" : 1152499523,
          "placeId" : "ChIJc0uJuPAYIzIRwdrIx_atcqU",
          "locationConfidence" : 0.569903
        } ],
        "editConfirmationStatus" : "NOT_CONFIRMED"
      } ],
      "centerLatE7" : 52940768,
      "centerLngE7" : 1152492455,
      "visitConfidence" : 83,
      "otherCandidateLocations" : [ {
        "latitudeE7" : 52940483,
        "longitudeE7" : 1152494814,
        "placeId" : "ChIJr0d2n_MYIzIR9Ufl1TQuZIo",
        "locationConfidence" : 6.823211
      }, {
        "latitudeE7" : 52925209,
        "longitudeE7" : 1152458062,
        "placeId" : "ChIJydLXx_oYIzIRWDuPyxwx_M0",
        "locationConfidence" : 0.274076
      }, {
        "latitudeE7" : 52944000,
        "longitudeE7" : 1152495500,
        "placeId" : "ChIJR4DHv_AYIzIRoDOvNwPxGi0",
        "locationConfidence" : 0.22149988
      }, {
        "latitudeE7" : 52941254,
        "longitudeE7" : 1152499523,
        "placeId" : "ChIJc0uJuPAYIzIRwdrIx_atcqU",
        "locationConfidence" : 0.14930734
      } ],
      "editConfirmationStatus" : "NOT_CONFIRMED"
    }
  }, {
    "activitySegment" : {
      "startLocation" : {
        "latitudeE7" : 52941379,
        "longitudeE7" : 1152496842,
        "sourceInfo" : {
          "deviceTag" : -125033256
        }
      },
      "endLocation" : {
        "latitudeE7" : 52945483,
        "longitudeE7" : 1152413333,
        "sourceInfo" : {
          "deviceTag" : -125033256
        }
      },
      "duration" : {
        "startTimestampMs" : "1624167140454",
        "endTimestampMs" : "1624167288000"
      },
      "distance" : 1106,
      "activityType" : "MOTORCYCLING",
      "confidence" : "MEDIUM",
      "activities" : [ {
        "activityType" : "MOTORCYCLING",
        "probability" : 70.81097960472107
      }, {
        "activityType" : "IN_PASSENGER_VEHICLE",
        "probability" : 25.341925024986267
      }, {
        "activityType" : "CYCLING",
        "probability" : 1.3398531824350357
      }, {
        "activityType" : "WALKING",
        "probability" : 1.1508171446621418
      }, {
        "activityType" : "IN_FERRY",
        "probability" : 0.5523636471480131
      }, {
        "activityType" : "STILL",
        "probability" : 0.3371607279404998
      }, {
        "activityType" : "SKIING",
        "probability" : 0.15376541996374726
      }, {
        "activityType" : "RUNNING",
        "probability" : 0.08910390897653997
      }, {
        "activityType" : "FLYING",
        "probability" : 0.086105678929016
      }, {
        "activityType" : "IN_BUS",
        "probability" : 0.08517354726791382
      }, {
        "activityType" : "SAILING",
        "probability" : 0.045179922017268836
      }, {
        "activityType" : "IN_TRAIN",
        "probability" : 0.007123881368897855
      }, {
        "activityType" : "IN_SUBWAY",
        "probability" : 4.330875071900664E-4
      }, {
        "activityType" : "IN_TRAM",
        "probability" : 9.331304795523465E-6
      }, {
        "activityType" : "IN_VEHICLE",
        "probability" : 6.616505032752684E-6
      } ],
      "waypointPath" : {
        "waypoints" : [ {
          "latE7" : 52940373,
          "lngE7" : 1152495269
        }, {
          "latE7" : 52934412,
          "lngE7" : 1152437667
        }, {
          "latE7" : 52945122,
          "lngE7" : 1152414093
        } ]
      },
      "parkingEvent" : {
        "timestampMs" : "1624167357930",
        "location" : {
          "latitudeE7" : 52945298,
          "longitudeE7" : 1152414183,
          "accuracyMetres" : 78
        }
      }
    }
  }, {
    "placeVisit" : {
      "location" : {
        "latitudeE7" : 52946592,
        "longitudeE7" : 1152415452,
        "placeId" : "ChIJmZWrcvwYIzIRoX7tqa_Ad00",
        "address" : "87000 Labuan\nWilayah Persekutuan Labuan\nMalaysia",
        "name" : "Bataras Fried Chicken",
        "sourceInfo" : {
          "deviceTag" : -125033256
        },
        "locationConfidence" : 63.046825
      },
      "duration" : {
        "startTimestampMs" : "1624167288000",
        "endTimestampMs" : "1624168967000"
      },
      "placeConfidence" : "MEDIUM_CONFIDENCE",
      "centerLatE7" : 52944197,
      "centerLngE7" : 1152413797,
      "visitConfidence" : 85,
      "otherCandidateLocations" : [ {
        "latitudeE7" : 52945043,
        "longitudeE7" : 1152415546,
        "placeId" : "ChIJwQl8cvwYIzIRyTx2SW42V0E",
        "locationConfidence" : 17.847097
      }, {
        "latitudeE7" : 52946517,
        "longitudeE7" : 1152412610,
        "placeId" : "ChIJO2DIbPwYIzIRnKb8ygfYagM",
        "locationConfidence" : 4.2167544
      }, {
        "latitudeE7" : 52957125,
        "longitudeE7" : 1152420773,
        "placeId" : "ChIJZWerAfwYIzIRb3LIMgln1Iw",
        "locationConfidence" : 3.957592
      }, {
        "latitudeE7" : 52946371,
        "longitudeE7" : 1152409681,
        "placeId" : "ChIJX0LfavwYIzIRhadvlapDcpY",
        "locationConfidence" : 3.7766376
      }, {
        "latitudeE7" : 52944372,
        "longitudeE7" : 1152414878,
        "placeId" : "ChIJaxrCgPcZIzIR0sz7DvzIMSg",
        "locationConfidence" : 1.5451407
      }, {
        "latitudeE7" : 52947753,
        "longitudeE7" : 1152413643,
        "placeId" : "ChIJCdouOogZIzIRrG2Hf0nzlUM",
        "locationConfidence" : 1.378448
      } ],
      "editConfirmationStatus" : "NOT_CONFIRMED"
    }
  }, {
    "activitySegment" : {
      "startLocation" : {
        "latitudeE7" : 52962683,
        "longitudeE7" : 1152406867,
        "sourceInfo" : {
          "deviceTag" : -125033256
        }
      },
      "endLocation" : {
        "latitudeE7" : 52940417,
        "longitudeE7" : 1152491567,
        "sourceInfo" : {
          "deviceTag" : -125033256
        }
      },
      "duration" : {
        "startTimestampMs" : "1624168967000",
        "endTimestampMs" : "1624169105000"
      },
      "distance" : 1109,
      "activityType" : "IN_PASSENGER_VEHICLE",
      "confidence" : "LOW",
      "activities" : [ {
        "activityType" : "IN_PASSENGER_VEHICLE",
        "probability" : 50.68928599357605
      }, {
        "activityType" : "MOTORCYCLING",
        "probability" : 42.99561679363251
      }, {
        "activityType" : "WALKING",
        "probability" : 3.2943233847618103
      }, {
        "activityType" : "CYCLING",
        "probability" : 1.437763124704361
      }, {
        "activityType" : "STILL",
        "probability" : 0.9532605297863483
      }, {
        "activityType" : "RUNNING",
        "probability" : 0.23724681232124567
      }, {
        "activityType" : "IN_BUS",
        "probability" : 0.2091022441163659
      }, {
        "activityType" : "IN_FERRY",
        "probability" : 0.07858219905756414
      }, {
        "activityType" : "FLYING",
        "probability" : 0.05391079466789961
      }, {
        "activityType" : "IN_TRAIN",
        "probability" : 0.026000375510193408
      }, {
        "activityType" : "SAILING",
        "probability" : 0.010934094461845234
      }, {
        "activityType" : "SKIING",
        "probability" : 0.010379569721408188
      }, {
        "activityType" : "IN_SUBWAY",
        "probability" : 0.0035305693018017337
      }, {
        "activityType" : "IN_TRAM",
        "probability" : 4.7729440666444134E-5
      }, {
        "activityType" : "IN_VEHICLE",
        "probability" : 2.69801461172392E-5
      } ],
      "simplifiedRawPath" : {
        "points" : [ {
          "latE7" : 52940167,
          "lngE7" : 1152436363,
          "timestampMs" : "1624169010887",
          "accuracyMeters" : 45
        }, {
          "latE7" : 52945664,
          "lngE7" : 1152492036,
          "timestampMs" : "1624169073098",
          "accuracyMeters" : 91
        } ]
      },
      "parkingEvent" : {
        "timestampMs" : "1624169667888",
        "location" : {
          "latitudeE7" : 52940335,
          "longitudeE7" : 1152494578,
          "accuracyMetres" : 30
        }
      }
    }
  }, {
    "placeVisit" : {
      "location" : {
        "latitudeE7" : 52944376,
        "longitudeE7" : 1152492503,
        "placeId" : "ChIJwykKvvAYIzIRKhFuWPyA-hg",
        "address" : "Lapangan Terbang Labuan\nJalan Tun Mustapha\n87015 Labuan\nWilayah Persekutuan Labuan\nMalaysia",
        "name" : "Labuan Airport",
        "sourceInfo" : {
          "deviceTag" : -125033256
        },
        "locationConfidence" : 57.100494
      },
      "duration" : {
        "startTimestampMs" : "1624169105000",
        "endTimestampMs" : "1624169908000"
      },
      "placeConfidence" : "MEDIUM_CONFIDENCE",
      "centerLatE7" : 52940006,
      "centerLngE7" : 1152494100,
      "visitConfidence" : 83,
      "otherCandidateLocations" : [ {
        "latitudeE7" : 52940483,
        "longitudeE7" : 1152494814,
        "placeId" : "ChIJr0d2n_MYIzIR9Ufl1TQuZIo",
        "locationConfidence" : 41.0735
      }, {
        "latitudeE7" : 52944000,
        "longitudeE7" : 1152495500,
        "placeId" : "ChIJR4DHv_AYIzIRoDOvNwPxGi0",
        "locationConfidence" : 0.5919588
      }, {
        "latitudeE7" : 52941254,
        "longitudeE7" : 1152499523,
        "placeId" : "ChIJc0uJuPAYIzIRwdrIx_atcqU",
        "locationConfidence" : 0.43370327
      }, {
        "latitudeE7" : 52941537,
        "longitudeE7" : 1152499029,
        "placeId" : "ChIJcw2t6_AYIzIRuF8535IUHoQ",
        "locationConfidence" : 0.2132241
      } ],
      "editConfirmationStatus" : "NOT_CONFIRMED"
    }
  }, {
    "activitySegment" : {
      "startLocation" : {
        "latitudeE7" : 52940333,
        "longitudeE7" : 1152492400,
        "sourceInfo" : {
          "deviceTag" : -125033256
        }
      },
      "endLocation" : {
        "latitudeE7" : 52805467,
        "longitudeE7" : 1152409233,
        "sourceInfo" : {
          "deviceTag" : -125033256
        }
      },
      "duration" : {
        "startTimestampMs" : "1624169908000",
        "endTimestampMs" : "1624170597000"
      },
      "distance" : 4404,
      "activityType" : "IN_PASSENGER_VEHICLE",
      "confidence" : "LOW",
      "activities" : [ {
        "activityType" : "IN_PASSENGER_VEHICLE",
        "probability" : 55.26399612426758
      }, {
        "activityType" : "MOTORCYCLING",
        "probability" : 41.15076661109924
      }, {
        "activityType" : "WALKING",
        "probability" : 1.5469281934201717
      }, {
        "activityType" : "STILL",
        "probability" : 1.2363889254629612
      }, {
        "activityType" : "CYCLING",
        "probability" : 0.35431752912700176
      }, {
        "activityType" : "IN_BUS",
        "probability" : 0.1382189802825451
      }, {
        "activityType" : "RUNNING",
        "probability" : 0.11747825192287564
      }, {
        "activityType" : "IN_FERRY",
        "probability" : 0.08089339244179428
      }, {
        "activityType" : "FLYING",
        "probability" : 0.07920701173134148
      }, {
        "activityType" : "SKIING",
        "probability" : 0.013101821241434664
      }, {
        "activityType" : "SAILING",
        "probability" : 0.009984654752770439
      }, {
        "activityType" : "IN_TRAIN",
        "probability" : 0.007454777369275689
      }, {
        "activityType" : "IN_SUBWAY",
        "probability" : 0.0012211751709401142
      }, {
        "activityType" : "IN_VEHICLE",
        "probability" : 2.231484899084535E-5
      }, {
        "activityType" : "IN_TRAM",
        "probability" : 1.6549337544802256E-5
      } ],
      "waypointPath" : {
        "waypoints" : [ {
          "latE7" : 52940387,
          "lngE7" : 1152492446
        }, {
          "latE7" : 52956833,
          "lngE7" : 1152410430
        }, {
          "latE7" : 52965445,
          "lngE7" : 1152385940
        }, {
          "latE7" : 52768235,
          "lngE7" : 1152432861
        }, {
          "latE7" : 52805681,
          "lngE7" : 1152408752
        } ]
      },
      "simplifiedRawPath" : {
        "points" : [ {
          "latE7" : 52965245,
          "lngE7" : 1152386169,
          "timestampMs" : "1624170267000",
          "accuracyMeters" : 3
        } ]
      },
      "parkingEvent" : {
        "timestampMs" : "1624170969673",
        "location" : {
          "latitudeE7" : 52806378,
          "longitudeE7" : 1152409110,
          "accuracyMetres" : 13
        }
      }
    }
  }, {
    "placeVisit" : {
      "location" : {
        "latitudeE7" : 52805974,
        "longitudeE7" : 1152408461,
        "placeId" : "ChIJ-S_EFd4YIzIRTv95bENGmgY",
        "address" : "Unnamed Road, Bandar Labuan\nBandar Labuan\n87000 Labuan\nLabuan Federal Territory\nMalaysia",
        "name" : "Utama Jaya Superstore",
        "sourceInfo" : {
          "deviceTag" : -125033256
        },
        "locationConfidence" : 93.99855
      },
      "duration" : {
        "startTimestampMs" : "1624170597000",
        "endTimestampMs" : "1624172533000"
      },
      "placeConfidence" : "HIGH_CONFIDENCE",
      "centerLatE7" : 52808993,
      "centerLngE7" : 1152407433,
      "visitConfidence" : 78,
      "otherCandidateLocations" : [ {
        "latitudeE7" : 52823345,
        "longitudeE7" : 1152394252,
        "placeId" : "ChIJxVlVA94YIzIRqZOsn30pqeU",
        "locationConfidence" : 0.5033496
      }, {
        "latitudeE7" : 52812472,
        "longitudeE7" : 1152411832,
        "placeId" : "ChIJg5tMONwYIzIRVgnK0Nsllrs",
        "locationConfidence" : 0.39897928
      }, {
        "latitudeE7" : 52806392,
        "longitudeE7" : 1152427455,
        "placeId" : "ChIJF-hyxVsZIzIR8Un5Fm5wnRo",
        "locationConfidence" : 0.37954256
      }, {
        "latitudeE7" : 52805400,
        "longitudeE7" : 1152413739,
        "placeId" : "ChIJPaI8Et4YIzIR6aj7I0CUW0s",
        "locationConfidence" : 0.29239076
      } ],
      "editConfirmationStatus" : "NOT_CONFIRMED"
    }
  }, {
    "activitySegment" : {
      "startLocation" : {
        "latitudeE7" : 52806917,
        "longitudeE7" : 1152412933,
        "sourceInfo" : {
          "deviceTag" : -125033256
        }
      },
      "endLocation" : {
        "latitudeE7" : 52924617,
        "longitudeE7" : 1152483050,
        "sourceInfo" : {
          "deviceTag" : -125033256
        }
      },
      "duration" : {
        "startTimestampMs" : "1624172533000",
        "endTimestampMs" : "1624172690000"
      },
      "distance" : 1592,
      "activityType" : "MOTORCYCLING",
      "confidence" : "MEDIUM",
      "activities" : [ {
        "activityType" : "MOTORCYCLING",
        "probability" : 68.56053471565247
      }, {
        "activityType" : "IN_PASSENGER_VEHICLE",
        "probability" : 21.47643268108368
      }, {
        "activityType" : "CYCLING",
        "probability" : 5.726082623004913
      }, {
        "activityType" : "WALKING",
        "probability" : 2.878938801586628
      }, {
        "activityType" : "STILL",
        "probability" : 0.544383842498064
      }, {
        "activityType" : "IN_BUS",
        "probability" : 0.42719324119389057
      }, {
        "activityType" : "RUNNING",
        "probability" : 0.1443437533453107
      }, {
        "activityType" : "IN_FERRY",
        "probability" : 0.10810918174684048
      }, {
        "activityType" : "FLYING",
        "probability" : 0.04841576155740768
      }, {
        "activityType" : "IN_TRAIN",
        "probability" : 0.04280730499885976
      }, {
        "activityType" : "SKIING",
        "probability" : 0.023992027854546905
      }, {
        "activityType" : "SAILING",
        "probability" : 0.011383272794773802
      }, {
        "activityType" : "IN_SUBWAY",
        "probability" : 0.007291205110959709
      }, {
        "activityType" : "IN_TRAM",
        "probability" : 8.52555388064502E-5
      }, {
        "activityType" : "IN_VEHICLE",
        "probability" : 9.20859335451496E-6
      } ],
      "simplifiedRawPath" : {
        "points" : [ {
          "latE7" : 52810050,
          "lngE7" : 1152419167,
          "timestampMs" : "1624172565000",
          "accuracyMeters" : 12
        }, {
          "latE7" : 52818850,
          "lngE7" : 1152415400,
          "timestampMs" : "1624172596000",
          "accuracyMeters" : 11
        }, {
          "latE7" : 52923983,
          "lngE7" : 1152479233,
          "timestampMs" : "1624172659000",
          "accuracyMeters" : 9
        } ]
      },
      "parkingEvent" : {
        "timestampMs" : "1624172752252",
        "location" : {
          "latitudeE7" : 52941134,
          "longitudeE7" : 1152494019,
          "accuracyMetres" : 71
        }
      }
    }
  }, {
    "placeVisit" : {
      "location" : {
        "latitudeE7" : 52940483,
        "longitudeE7" : 1152494814,
        "placeId" : "ChIJr0d2n_MYIzIR9Ufl1TQuZIo",
        "address" : "Lapangan Terbang\n87000 Labuan\nWilayah Persekutuan Labuan\nMalaysia",
        "name" : "McDonald's Labuan Airport",
        "sourceInfo" : {
          "deviceTag" : -125033256
        },
        "locationConfidence" : 70.05621
      },
      "duration" : {
        "startTimestampMs" : "1624172690000",
        "endTimestampMs" : "1624174370000"
      },
      "placeConfidence" : "MEDIUM_CONFIDENCE",
      "centerLatE7" : 52940388,
      "centerLngE7" : 1152494229,
      "visitConfidence" : 81,
      "otherCandidateLocations" : [ {
        "latitudeE7" : 52944376,
        "longitudeE7" : 1152492503,
        "placeId" : "ChIJwykKvvAYIzIRKhFuWPyA-hg",
        "locationConfidence" : 27.816257
      }, {
        "latitudeE7" : 52944000,
        "longitudeE7" : 1152495500,
        "placeId" : "ChIJR4DHv_AYIzIRoDOvNwPxGi0",
        "locationConfidence" : 0.65778095
      }, {
        "latitudeE7" : 52941254,
        "longitudeE7" : 1152499523,
        "placeId" : "ChIJc0uJuPAYIzIRwdrIx_atcqU",
        "locationConfidence" : 0.5796805
      }, {
        "latitudeE7" : 52941537,
        "longitudeE7" : 1152499029,
        "placeId" : "ChIJcw2t6_AYIzIRuF8535IUHoQ",
        "locationConfidence" : 0.17131706
      } ],
      "editConfirmationStatus" : "NOT_CONFIRMED"
    }
  }, {
    "activitySegment" : {
      "startLocation" : {
        "latitudeE7" : 52928486,
        "longitudeE7" : 1152491683,
        "sourceInfo" : {
          "deviceTag" : -125033256
        }
      },
      "endLocation" : {
        "latitudeE7" : 53241710,
        "longitudeE7" : 1152423843,
        "sourceInfo" : {
          "deviceTag" : -125033256
        }
      },
      "duration" : {
        "startTimestampMs" : "1624174370000",
        "endTimestampMs" : "1624174760000"
      },
      "distance" : 4277,
      "activityType" : "IN_PASSENGER_VEHICLE",
      "confidence" : "MEDIUM",
      "activities" : [ {
        "activityType" : "IN_PASSENGER_VEHICLE",
        "probability" : 74.22758340835571
      }, {
        "activityType" : "MOTORCYCLING",
        "probability" : 24.330022931098938
      }, {
        "activityType" : "WALKING",
        "probability" : 0.5467623472213745
      }, {
        "activityType" : "STILL",
        "probability" : 0.4979724995791912
      }, {
        "activityType" : "CYCLING",
        "probability" : 0.15251346630975604
      }, {
        "activityType" : "IN_BUS",
        "probability" : 0.0945635256357491
      }, {
        "activityType" : "IN_FERRY",
        "probability" : 0.044824762153439224
      }, {
        "activityType" : "FLYING",
        "probability" : 0.04317800630815327
      }, {
        "activityType" : "RUNNING",
        "probability" : 0.04114466719329357
      }, {
        "activityType" : "SKIING",
        "probability" : 0.009882550511974841
      }, {
        "activityType" : "IN_TRAIN",
        "probability" : 0.0056504712119931355
      }, {
        "activityType" : "SAILING",
        "probability" : 0.0047435780288651586
      }, {
        "activityType" : "IN_SUBWAY",
        "probability" : 0.001144865200330969
      }, {
        "activityType" : "IN_TRAM",
        "probability" : 8.859647948611382E-6
      }, {
        "activityType" : "IN_VEHICLE",
        "probability" : 6.5305648888625E-6
      } ],
      "waypointPath" : {
        "waypoints" : [ {
          "latE7" : 52928628,
          "lngE7" : 1152491607
        }, {
          "latE7" : 52938399,
          "lngE7" : 1152431564
        }, {
          "latE7" : 53241615,
          "lngE7" : 1152423858
        } ]
      },
      "parkingEvent" : {
        "timestampMs" : "1624174840871",
        "location" : {
          "latitudeE7" : 53240405,
          "longitudeE7" : 1152427541,
          "accuracyMetres" : 84
        }
      }
    }
  }, {
    "placeVisit" : {
      "location" : {
        "latitudeE7" : 53239474,
        "longitudeE7" : 1152426808,
        "placeId" : "ChIJuWtnOxUZIzIRiUJwzOKGJ8E",
        "address" : "Jalan Batu Arang\n87000 Labuan\nWilayah Persekutuan Labuan\nMalaysia",
        "name" : "Taman Wong Wo Lo Fasa 2",
        "sourceInfo" : {
          "deviceTag" : -125033256
        },
        "locationConfidence" : 76.09409
      },
      "duration" : {
        "startTimestampMs" : "1624174760000",
        "endTimestampMs" : "1624175046000"
      },
      "placeConfidence" : "MEDIUM_CONFIDENCE",
      "centerLatE7" : 53241257,
      "centerLngE7" : 1152425200,
      "visitConfidence" : 73,
      "otherCandidateLocations" : [ {
        "latitudeE7" : 53235473,
        "longitudeE7" : 1152428207,
        "placeId" : "ChIJ5wWLQ_QZIzIRTxkU8awDiJ0",
        "locationConfidence" : 4.4593887
      }, {
        "latitudeE7" : 53265944,
        "longitudeE7" : 1152417163,
        "placeId" : "ChIJJ3qe0TMYIzIRwr9_LOU8NfM",
        "locationConfidence" : 3.2170196
      }, {
        "latitudeE7" : 53233473,
        "longitudeE7" : 1152417969,
        "placeId" : "ChIJzeF9msAZIzIRwnH4uFzYXAg",
        "locationConfidence" : 3.188631
      }, {
        "latitudeE7" : 53220072,
        "longitudeE7" : 1152438083,
        "placeId" : "ChIJH19UTQgZIzIRcFt-NRFQfh8",
        "locationConfidence" : 1.4980736
      }, {
        "latitudeE7" : 53243220,
        "longitudeE7" : 1152415830,
        "placeId" : "ChIJbSUXBjQYIzIRr7l4xyncXG8",
        "locationConfidence" : 1.4743105
      }, {
        "latitudeE7" : 53223591,
        "longitudeE7" : 1152428266,
        "placeId" : "ChIJz6e4-z4ZIzIR6e2cRQp-qA4",
        "locationConfidence" : 0.60798925
      }, {
        "latitudeE7" : 53230280,
        "longitudeE7" : 1152418170,
        "placeId" : "ChIJAaoNJDQYIzIR2DXiwuSOQio",
        "locationConfidence" : 0.5463838
      }, {
        "latitudeE7" : 53235040,
        "longitudeE7" : 1152417901,
        "placeId" : "ChIJe8RSGDQYIzIRcargtQg2nq4",
        "locationConfidence" : 0.5237755
      } ],
      "editConfirmationStatus" : "NOT_CONFIRMED"
    }
  }, {
    "activitySegment" : {
      "startLocation" : {
        "latitudeE7" : 53238887,
        "longitudeE7" : 1152420855,
        "sourceInfo" : {
          "deviceTag" : -125033256
        }
      },
      "endLocation" : {
        "latitudeE7" : 53173217,
        "longitudeE7" : 1152421667,
        "sourceInfo" : {
          "deviceTag" : -125033256
        }
      },
      "duration" : {
        "startTimestampMs" : "1624175046000",
        "endTimestampMs" : "1624175355000"
      },
      "distance" : 978,
      "activityType" : "IN_PASSENGER_VEHICLE",
      "confidence" : "MEDIUM",
      "activities" : [ {
        "activityType" : "IN_PASSENGER_VEHICLE",
        "probability" : 70.0745701789856
      }, {
        "activityType" : "MOTORCYCLING",
        "probability" : 26.665395498275757
      }, {
        "activityType" : "STILL",
        "probability" : 1.3470621779561043
      }, {
        "activityType" : "WALKING",
        "probability" : 1.2366768904030323
      }, {
        "activityType" : "CYCLING",
        "probability" : 0.24912687949836254
      }, {
        "activityType" : "IN_BUS",
        "probability" : 0.15836625825613737
      }, {
        "activityType" : "RUNNING",
        "probability" : 0.09061353048309684
      }, {
        "activityType" : "IN_FERRY",
        "probability" : 0.06795903318561614
      }, {
        "activityType" : "FLYING",
        "probability" : 0.0653686176519841
      }, {
        "activityType" : "IN_TRAIN",
        "probability" : 0.02516185923013836
      }, {
        "activityType" : "SKIING",
        "probability" : 0.009814741497393698
      }, {
        "activityType" : "SAILING",
        "probability" : 0.008707312372280285
      }, {
        "activityType" : "IN_SUBWAY",
        "probability" : 0.0011381770491425414
      }, {
        "activityType" : "IN_TRAM",
        "probability" : 2.44346637146009E-5
      }, {
        "activityType" : "IN_VEHICLE",
        "probability" : 1.499094253176736E-5
      } ],
      "waypointPath" : {
        "waypoints" : [ {
          "latE7" : 53238964,
          "lngE7" : 1152420196
        }, {
          "latE7" : 53223953,
          "lngE7" : 1152415008
        }, {
          "latE7" : 53172712,
          "lngE7" : 1152420349
        } ]
      },
      "parkingEvent" : {
        "timestampMs" : "1624175385742",
        "location" : {
          "latitudeE7" : 53175158,
          "longitudeE7" : 1152421520,
          "accuracyMetres" : 80
        }
      }
    }
  }, {
    "placeVisit" : {
      "location" : {
        "latitudeE7" : 53174253,
        "longitudeE7" : 1152421357,
        "placeId" : "ChIJzT7DKkoYIzIRvJsch3zRF0M",
        "address" : "Jalan Batu Arang\n87000 Labuan\nWilayah Persekutuan Labuan\nMalaysia",
        "name" : "Cendol Penang",
        "sourceInfo" : {
          "deviceTag" : -125033256
        },
        "locationConfidence" : 92.373535
      },
      "duration" : {
        "startTimestampMs" : "1624175355000",
        "endTimestampMs" : "1624175712002"
      },
      "placeConfidence" : "MEDIUM_CONFIDENCE",
      "centerLatE7" : 53174133,
      "centerLngE7" : 1152421344,
      "visitConfidence" : 87,
      "otherCandidateLocations" : [ {
        "latitudeE7" : 53173961,
        "longitudeE7" : 1152422475,
        "placeId" : "ChIJh46X45cZIzIRMeHFnGXhl3g",
        "locationConfidence" : 3.6493878
      }, {
        "latitudeE7" : 53168899,
        "longitudeE7" : 1152423478,
        "placeId" : "ChIJHWR0fUkYIzIRwYlyuXvbkHI",
        "locationConfidence" : 1.1164259
      }, {
        "latitudeE7" : 53173324,
        "longitudeE7" : 1152421848,
        "placeId" : "ChIJiR8EGL4ZIzIRmpvFTmvwBXk",
        "locationConfidence" : 0.8585614
      }, {
        "latitudeE7" : 53195060,
        "longitudeE7" : 1152425627,
        "placeId" : "ChIJb0G-_kkYIzIR-H3FsscaW38",
        "locationConfidence" : 0.3715472
      } ],
      "editConfirmationStatus" : "NOT_CONFIRMED"
    }
  }, {
    "activitySegment" : {
      "startLocation" : {
        "latitudeE7" : 53175224,
        "longitudeE7" : 1152421572,
        "sourceInfo" : {
          "deviceTag" : -125033256
        }
      },
      "endLocation" : {
        "latitudeE7" : 52958634,
        "longitudeE7" : 1152382542,
        "sourceInfo" : {
          "deviceTag" : -125033256
        }
      },
      "duration" : {
        "startTimestampMs" : "1624175712002",
        "endTimestampMs" : "1624175955404"
      },
      "distance" : 2446,
      "activityType" : "IN_PASSENGER_VEHICLE",
      "confidence" : "MEDIUM",
      "activities" : [ {
        "activityType" : "IN_PASSENGER_VEHICLE",
        "probability" : 73.3208417892456
      }, {
        "activityType" : "MOTORCYCLING",
        "probability" : 23.111703991889954
      }, {
        "activityType" : "WALKING",
        "probability" : 1.6032814979553223
      }, {
        "activityType" : "CYCLING",
        "probability" : 0.8077101781964302
      }, {
        "activityType" : "STILL",
        "probability" : 0.7841313257813454
      }, {
        "activityType" : "IN_BUS",
        "probability" : 0.14170125359669328
      }, {
        "activityType" : "RUNNING",
        "probability" : 0.07428170647472143
      }, {
        "activityType" : "IN_FERRY",
        "probability" : 0.06997390883043408
      }, {
        "activityType" : "FLYING",
        "probability" : 0.04280658904463053
      }, {
        "activityType" : "IN_TRAIN",
        "probability" : 0.014429693692363799
      }, {
        "activityType" : "SKIING",
        "probability" : 0.014007194840814918
      }, {
        "activityType" : "SAILING",
        "probability" : 0.009242803207598627
      }, {
        "activityType" : "IN_SUBWAY",
        "probability" : 0.00579362858843524
      }, {
        "activityType" : "IN_TRAM",
        "probability" : 8.634613095637178E-5
      }, {
        "activityType" : "IN_VEHICLE",
        "probability" : 6.578235911547381E-6
      } ],
      "waypointPath" : {
        "waypoints" : [ {
          "latE7" : 53175811,
          "lngE7" : 1152421493
        }, {
          "latE7" : 52969236,
          "lngE7" : 1152406158
        }, {
          "latE7" : 52958440,
          "lngE7" : 1152382965
        } ]
      },
      "parkingEvent" : {
        "timestampMs" : "1624176135499",
        "location" : {
          "latitudeE7" : 52960022,
          "longitudeE7" : 1152385235,
          "accuracyMetres" : 58
        }
      }
    }
  }, {
    "placeVisit" : {
      "location" : {
        "latitudeE7" : 52959215,
        "longitudeE7" : 1152382811,
        "placeId" : "ChIJOcHB2P0YIzIRqM9YYUv1Vqw",
        "address" : "87000 Labuan\nWilayah Persekutuan Labuan\nMalaysia",
        "name" : "Lian Huat Air - Cond Service",
        "sourceInfo" : {
          "deviceTag" : -125033256
        },
        "locationConfidence" : 18.861246
      },
      "duration" : {
        "startTimestampMs" : "1624175955404",
        "endTimestampMs" : "1624176560124"
      },
      "placeConfidence" : "LOW_CONFIDENCE",
      "centerLatE7" : 52960900,
      "centerLngE7" : 1152387000,
      "visitConfidence" : 79,
      "otherCandidateLocations" : [ {
        "latitudeE7" : 52961989,
        "longitudeE7" : 1152390323,
        "placeId" : "ChIJ54jPh-MZIzIRUv9LEbK7f9U",
        "locationConfidence" : 14.928508
      }, {
        "latitudeE7" : 52960653,
        "longitudeE7" : 1152384117,
        "placeId" : "ChIJa24tBb0ZIzIRgo65RnKjecU",
        "locationConfidence" : 8.1385765
      }, {
        "latitudeE7" : 52960299,
        "longitudeE7" : 1152388706,
        "placeId" : "ChIJYzYHef4YIzIRyxrTVr8dn3U",
        "locationConfidence" : 7.627192
      }, {
        "latitudeE7" : 52965643,
        "longitudeE7" : 1152287037,
        "placeId" : "ChIJtwGdQh0ZIzIRBETMyUPPHjk",
        "locationConfidence" : 5.353779
      }, {
        "latitudeE7" : 52932998,
        "longitudeE7" : 1152260095,
        "placeId" : "ChIJ7Z1PEwUZIzIRIRxuqAlx8YI",
        "locationConfidence" : 4.0709076
      }, {
        "latitudeE7" : 52959358,
        "longitudeE7" : 1152389710,
        "placeId" : "ChIJEWuvKWgZIzIRiddnKUeCHZM",
        "locationConfidence" : 2.8261185
      }, {
        "latitudeE7" : 52962054,
        "longitudeE7" : 1152383732,
        "placeId" : "ChIJf3TOczcZIzIRjn7E06mTfUc",
        "locationConfidence" : 2.2821784
      }, {
        "latitudeE7" : 52946978,
        "longitudeE7" : 1152264099,
        "placeId" : "ChIJicszuwUZIzIRn3g0-9L6OMU",
        "locationConfidence" : 1.885882
      }, {
        "latitudeE7" : 52959024,
        "longitudeE7" : 1152388507,
        "placeId" : "ChIJP_DHYxgZIzIRjrrPv0vSerk",
        "locationConfidence" : 1.7191023
      } ],
      "editConfirmationStatus" : "NOT_CONFIRMED"
    }
  }, {
    "activitySegment" : {
      "startLocation" : {
        "latitudeE7" : 52963295,
        "longitudeE7" : 1152391583,
        "sourceInfo" : {
          "deviceTag" : -125033256
        }
      },
      "endLocation" : {
        "latitudeE7" : 52756584,
        "longitudeE7" : 1152493229,
        "sourceInfo" : {
          "deviceTag" : -125033256
        }
      },
      "duration" : {
        "startTimestampMs" : "1624176560124",
        "endTimestampMs" : "1624177191860"
      },
      "distance" : 2884,
      "activityType" : "IN_PASSENGER_VEHICLE",
      "confidence" : "HIGH",
      "activities" : [ {
        "activityType" : "IN_PASSENGER_VEHICLE",
        "probability" : 81.63053393363953
      }, {
        "activityType" : "MOTORCYCLING",
        "probability" : 14.518645405769348
      }, {
        "activityType" : "WALKING",
        "probability" : 1.6826581209897995
      }, {
        "activityType" : "STILL",
        "probability" : 1.1989611200988293
      }, {
        "activityType" : "CYCLING",
        "probability" : 0.530305877327919
      }, {
        "activityType" : "IN_BUS",
        "probability" : 0.15589797403663397
      }, {
        "activityType" : "IN_FERRY",
        "probability" : 0.09885806357488036
      }, {
        "activityType" : "RUNNING",
        "probability" : 0.07956220651976764
      }, {
        "activityType" : "FLYING",
        "probability" : 0.05918199894949794
      }, {
        "activityType" : "SKIING",
        "probability" : 0.016450072871521115
      }, {
        "activityType" : "IN_TRAIN",
        "probability" : 0.014260553871281445
      }, {
        "activityType" : "SAILING",
        "probability" : 0.011179462308064103
      }, {
        "activityType" : "IN_SUBWAY",
        "probability" : 0.003414675666135736
      }, {
        "activityType" : "IN_TRAM",
        "probability" : 8.466651024718885E-5
      }, {
        "activityType" : "IN_VEHICLE",
        "probability" : 1.994722076403832E-6
      } ],
      "simplifiedRawPath" : {
        "points" : [ {
          "latE7" : 52829343,
          "lngE7" : 1152474013,
          "timestampMs" : "1624176802015",
          "accuracyMeters" : 40
        }, {
          "latE7" : 52811458,
          "lngE7" : 1152449656,
          "timestampMs" : "1624176924189",
          "accuracyMeters" : 25
        }, {
          "latE7" : 52774009,
          "lngE7" : 1152471218,
          "timestampMs" : "1624177044340",
          "accuracyMeters" : 92
        } ]
      },
      "parkingEvent" : {
        "timestampMs" : "1624177580040",
        "location" : {
          "latitudeE7" : 52755288,
          "longitudeE7" : 1152493430,
          "accuracyMetres" : 147
        }
      }
    }
  }, {
    "placeVisit" : {
      "location" : {
        "latitudeE7" : 52756980,
        "longitudeE7" : 1152488907,
        "placeId" : "ChIJ9xDhpMQYIzIRTtrxKFwHpys",
        "address" : "Jln Merdeka\nFinancial Park\n87000 Victoria\nWilayah Persekutuan Labuan\nMalaysia",
        "name" : "Kompleks Ujana Kewangan",
        "sourceInfo" : {
          "deviceTag" : -125033256
        },
        "locationConfidence" : 76.03652
      },
      "duration" : {
        "startTimestampMs" : "1624177191860",
        "endTimestampMs" : "1624177670178"
      },
      "placeConfidence" : "MEDIUM_CONFIDENCE",
      "childVisits" : [ {
        "location" : {
          "latitudeE7" : 52764306,
          "longitudeE7" : 1152493880,
          "placeId" : "ChIJVaPO0foYIzIR_w82FVCT51o",
          "address" : "Jln Merdeka\nFinancial Park\n87000 Labuan\nWilayah Persekutuan Labuan\nMalaysia",
          "name" : "Financial Park Complex Labuan",
          "sourceInfo" : {
            "deviceTag" : -125033256
          },
          "locationConfidence" : 42.273525
        },
        "duration" : {
          "startTimestampMs" : "1624177191860",
          "endTimestampMs" : "1624177431019"
        },
        "placeConfidence" : "LOW_CONFIDENCE",
        "centerLatE7" : 52754500,
        "centerLngE7" : 1152491586,
        "visitConfidence" : 77,
        "otherCandidateLocations" : [ {
          "latitudeE7" : 52761625,
          "longitudeE7" : 1152482958,
          "placeId" : "ChIJ52FnpsQYIzIRSkBRm0_Hm4I",
          "locationConfidence" : 23.38363
        }, {
          "latitudeE7" : 52753797,
          "longitudeE7" : 1152475511,
          "placeId" : "ChIJRXq6XugYIzIRBg9XbyoM3xE",
          "locationConfidence" : 0.7895687
        }, {
          "latitudeE7" : 52757147,
          "longitudeE7" : 1152476623,
          "placeId" : "ChIJ6wb8TtsYIzIRa4yEIE2s5y0",
          "locationConfidence" : 0.6972385
        }, {
          "latitudeE7" : 52766745,
          "longitudeE7" : 1152519672,
          "placeId" : "ChIJLctpj8MYIzIRtqAhQRVnCu0",
          "locationConfidence" : 0.23126125
        } ],
        "editConfirmationStatus" : "NOT_CONFIRMED"
      }, {
        "location" : {
          "latitudeE7" : 52759682,
          "longitudeE7" : 1152493055,
          "placeId" : "ChIJ9RxLY2MZIzIRbQKf9VrZXWM",
          "address" : "1146, 709\nBandar Labuan\n87000 Labuan\nLabuan Federal Territory\nMalaysia",
          "name" : "Saza Sushi",
          "sourceInfo" : {
            "deviceTag" : -125033256
          },
          "locationConfidence" : 24.288227
        },
        "duration" : {
          "startTimestampMs" : "1624177431019",
          "endTimestampMs" : "1624177670178"
        },
        "placeConfidence" : "LOW_CONFIDENCE",
        "centerLatE7" : 52754500,
        "centerLngE7" : 1152491586,
        "visitConfidence" : 77,
        "otherCandidateLocations" : [ {
          "latitudeE7" : 52757154,
          "longitudeE7" : 1152490389,
          "placeId" : "ChIJ6e4vAUoZIzIRt27uXrAvOOQ",
          "locationConfidence" : 17.9853
        } ],
        "editConfirmationStatus" : "NOT_CONFIRMED"
      } ],
      "centerLatE7" : 52754500,
      "centerLngE7" : 1152491586,
      "visitConfidence" : 77,
      "otherCandidateLocations" : [ {
        "latitudeE7" : 52764306,
        "longitudeE7" : 1152493880,
        "placeId" : "ChIJVaPO0foYIzIR_w82FVCT51o",
        "locationConfidence" : 9.568724
      }, {
        "latitudeE7" : 52761625,
        "longitudeE7" : 1152482958,
        "placeId" : "ChIJ52FnpsQYIzIRSkBRm0_Hm4I",
        "locationConfidence" : 4.6128163
      }, {
        "latitudeE7" : 52753797,
        "longitudeE7" : 1152475511,
        "placeId" : "ChIJRXq6XugYIzIRBg9XbyoM3xE",
        "locationConfidence" : 0.35578653
      }, {
        "latitudeE7" : 52757147,
        "longitudeE7" : 1152476623,
        "placeId" : "ChIJ6wb8TtsYIzIRa4yEIE2s5y0",
        "locationConfidence" : 0.23161036
      } ],
      "editConfirmationStatus" : "NOT_CONFIRMED",
      "simplifiedRawPath" : {
        "points" : [ {
          "latE7" : 52756584,
          "lngE7" : 1152493229,
          "timestampMs" : "1624177191860",
          "accuracyMeters" : 24
        }, {
          "latE7" : 52752254,
          "lngE7" : 1152495389,
          "timestampMs" : "1624177319000",
          "accuracyMeters" : 5
        } ]
      }
    }
  }, {
    "activitySegment" : {
      "startLocation" : {
        "latitudeE7" : 52756660,
        "longitudeE7" : 1152493120,
        "sourceInfo" : {
          "deviceTag" : -125033256
        }
      },
      "endLocation" : {
        "latitudeE7" : 52951267,
        "longitudeE7" : 1152366600,
        "sourceInfo" : {
          "deviceTag" : -125033256
        }
      },
      "duration" : {
        "startTimestampMs" : "1624177670178",
        "endTimestampMs" : "1624179387181"
      },
      "distance" : 3605,
      "activityType" : "IN_PASSENGER_VEHICLE",
      "confidence" : "HIGH",
      "activities" : [ {
        "activityType" : "IN_PASSENGER_VEHICLE",
        "probability" : 81.83037638664246
      }, {
        "activityType" : "MOTORCYCLING",
        "probability" : 9.411139041185379
      }, {
        "activityType" : "WALKING",
        "probability" : 3.768491744995117
      }, {
        "activityType" : "STILL",
        "probability" : 3.068329766392708
      }, {
        "activityType" : "CYCLING",
        "probability" : 1.154377032071352
      }, {
        "activityType" : "IN_FERRY",
        "probability" : 0.27715819887816906
      }, {
        "activityType" : "RUNNING",
        "probability" : 0.17278811428695917
      }, {
        "activityType" : "IN_BUS",
        "probability" : 0.13620947720482945
      }, {
        "activityType" : "FLYING",
        "probability" : 0.08510682382620871
      }, {
        "activityType" : "SKIING",
        "probability" : 0.05731661804020405
      }, {
        "activityType" : "SAILING",
        "probability" : 0.025337518309243023
      }, {
        "activityType" : "IN_TRAIN",
        "probability" : 0.011020359670510516
      }, {
        "activityType" : "IN_SUBWAY",
        "probability" : 0.0021387224478530698
      }, {
        "activityType" : "IN_TRAM",
        "probability" : 2.0663137547671795E-4
      }, {
        "activityType" : "IN_VEHICLE",
        "probability" : 1.308116281961702E-6
      } ],
      "waypointPath" : {
        "waypoints" : [ {
          "latE7" : 52752776,
          "lngE7" : 1152491989
        }, {
          "latE7" : 52762255,
          "lngE7" : 1152525787
        }, {
          "latE7" : 52762403,
          "lngE7" : 1152540054
        }, {
          "latE7" : 52938399,
          "lngE7" : 1152431564
        }, {
          "latE7" : 52946081,
          "lngE7" : 1152364120
        } ]
      },
      "simplifiedRawPath" : {
        "points" : [ {
          "latE7" : 52765036,
          "lngE7" : 1152539749,
          "timestampMs" : "1624178040275",
          "accuracyMeters" : 34
        } ]
      },
      "parkingEvent" : {
        "timestampMs" : "1624179502850",
        "location" : {
          "latitudeE7" : 52943030,
          "longitudeE7" : 1152361849,
          "accuracyMetres" : 80
        }
      }
    }
  }, {
    "placeVisit" : {
      "location" : {
        "latitudeE7" : 52945584,
        "longitudeE7" : 1152361973,
        "placeId" : "ChIJH_egSBAZIzIRQh7wrqQnIgI",
        "address" : "Kg baru selamat\nKampung Baru\n87000 Labuan\nWilayah Persekutuan Labuan\nMalaysia",
        "name" : "JNNY kg baru",
        "sourceInfo" : {
          "deviceTag" : -125033256
        },
        "locationConfidence" : 61.176334
      },
      "duration" : {
        "startTimestampMs" : "1624179387181",
        "endTimestampMs" : "1624204424000"
      },
      "placeConfidence" : "MEDIUM_CONFIDENCE",
      "centerLatE7" : 52942629,
      "centerLngE7" : 1152361659,
      "visitConfidence" : 65,
      "otherCandidateLocations" : [ {
        "latitudeE7" : 52938861,
        "longitudeE7" : 1152369661,
        "placeId" : "ChIJGcS0EacZIzIRMf921iVXau8",
        "locationConfidence" : 10.048503
      }, {
        "latitudeE7" : 52945660,
        "longitudeE7" : 1152362197,
        "placeId" : "ChIJ0aNRhOAZIzIR3sata7SmcUU",
        "locationConfidence" : 8.778427
      }, {
        "latitudeE7" : 52940059,
        "longitudeE7" : 1152360369,
        "placeId" : "ChIJgyLIFGYZIzIR2j5Gf4Ozs8Y",
        "locationConfidence" : 5.936365
      }, {
        "latitudeE7" : 52948080,
        "longitudeE7" : 1152381017,
        "placeId" : "ChIJxa9ei0cZIzIR3xyGIZ8HKTY",
        "locationConfidence" : 4.2429404
      }, {
        "latitudeE7" : 52970435,
        "longitudeE7" : 1152368627,
        "placeId" : "ChIJ89YMGf4YIzIRiLoAEVVJWWs",
        "locationConfidence" : 2.1863685
      }, {
        "latitudeE7" : 52942594,
        "longitudeE7" : 1152338286,
        "placeId" : "ChIJ0RIe10sZIzIRGXmfJwvP2go",
        "locationConfidence" : 1.5034162
      }, {
        "latitudeE7" : 52959182,
        "longitudeE7" : 1152388364,
        "placeId" : "ChIJ4xGdY_4YIzIRDq2DVSrvgP8",
        "locationConfidence" : 1.210825
      }, {
        "latitudeE7" : 52960653,
        "longitudeE7" : 1152384117,
        "placeId" : "ChIJa24tBb0ZIzIRgo65RnKjecU",
        "locationConfidence" : 0.9312611
      }, {
        "latitudeE7" : 52958847,
        "longitudeE7" : 1152372362,
        "placeId" : "ChIJjwFJ-DsZIzIR66NT6pDBvcQ",
        "locationConfidence" : 0.8541463
      } ],
      "editConfirmationStatus" : "NOT_CONFIRMED"
    }
  } ]
}