{
  "type" : "FeatureCollection",
  "features" : [ {
    "geometry" : {
      "coordinates" : [ 115.2384117, 5.2960653 ],
      "type" : "Point"
    },
    "properties" : {
      "Google Maps URL" : "https://www.google.com/maps/place//data=!4m2!3m1!1s0x0:0xc579a37246b98e82",
      "Location" : {
        "Address" : "IR9/B5, Tropical Light Industrial Estate Kg Muslim, 87000, Wilayah Persekutuan Labuan, Malaysia",
        "Business Name" : "HV RESTAURANT",
        "Country Code" : "MY",
        "Geo Coordinates" : {
          "Latitude" : "5.2960653",
          "Longitude" : "115.2384117"
        }
      },
      "Published" : "2021-06-20T06:35:32.108868Z",
      "Review Comment" : "Terbaik",
      "Star Rating" : 5
    },
    "type" : "Feature"
  }, {
    "geometry" : {
      "coordinates" : [ 115.2492503, 5.2944376 ],
      "type" : "Point"
    },
    "properties" : {
      "Google Maps URL" : "https://www.google.com/maps/place//data=!4m2!3m1!1s0x0:0x18fa80fc586e112a",
      "Location" : {
        "Address" : "Lapangan Terbang Labuan, Jalan Tun Mustapha, 87015 Labuan, Wilayah Persekutuan Labuan, Malaysia",
        "Business Name" : "Lapangan Terbang Labuan",
        "Country Code" : "MY",
        "Geo Coordinates" : {
          "Latitude" : "5.2944376",
          "Longitude" : "115.2492503"
        }
      },
      "Published" : "2021-06-20T06:35:20.901895Z",
      "Review Comment" : "Terbaik",
      "Star Rating" : 5
    },
    "type" : "Feature"
  }, {
    "geometry" : {
      "coordinates" : [ 115.2494814, 5.2940483 ],
      "type" : "Point"
    },
    "properties" : {
      "Google Maps URL" : "https://www.google.com/maps/place//data=!4m2!3m1!1s0x0:0x8a642e34d5e547f5",
      "Location" : {
        "Address" : "Lapangan Terbang, 87000 Labuan, Labuan Federal Territory, Malaysia",
        "Business Name" : "McDonald's Labuan Airport",
        "Country Code" : "MY",
        "Geo Coordinates" : {
          "Latitude" : "5.2940483",
          "Longitude" : "115.2494814"
        }
      },
      "Published" : "2021-06-20T03:49:44.475225Z",
      "Review Comment" : "Terbaik",
      "Star Rating" : 5
    },
    "type" : "Feature"
  } ]
}