{
    "Apps": [],
    "App Settings": [],
    "Preferences": [
        {
            "name": "translate_site_blacklist_with_time",
            "value": "{}"
},
        {
            "name": "translate_accepted_count",
            "value": "{\"id\":0,\"ms\":0}"
},
        {
            "name": "sharing.vapid_key",
            "value": "{\"vapid_creation_timestamp\":\"13268122432829120\",\"vapid_private_key\":\"MIGHAgEAMBMGByqGSM49AgEGCCqGSM49AwEHBG0wawIBAQQgdSAsiks0umZkLqFW+7r3XRsQM9aVc5g87U4vIFJKR1+hRANCAARyd+eTeCaTOECeRNNCvi6TQw59fiwSLaOuGnY5u2aFr2dQeKCoUzjYVIYEY5GMKFO9VcCDabu2JpxQAnnzVkW8\"}"
},
        {
            "name": "translate_denied_count_for_language",
            "value": "{\"id\":1,\"ms\":1}"
},
        {
            "name": "translate_force_trigger_on_english_count_for_backoff_1",
            "value": "2"
},
        {
            "name": "sync.demographics_birth_year_offset",
            "value": "1"
},
        {
            "name": "download.prompt_for_download_android",
            "value": "2"
},
        {
            "name": "translate.enabled",
            "value": "false"
},
        {
            "name": "intl.accept_languages",
            "value": "\"ms-MY,ms\""
},
        {
            "name": "intl.selected_languages",
            "value": "\"ms-MY,ms\""
}
    ],
    "Themes": []
}