[{
  "device": {
    "mostRecentData": {
      "carrierName": "Celcom",
      "playStoreClientVersion": 82582010,
      "manufacturer": "Xiaomi",
      "modelName": "M2006C3LG",
      "deviceName": "dandelion",
      "productName": "dandelion_global",
      "retailBrand": "Redmi",
      "totalMemoryBytes": "1863729152",
      "nativePlatform": ["armeabi-v7a", "armeabi"],
      "deviceIpCountry": "MY",
      "userLocale": "ms_MY",
      "buildFingerprint": "Redmi/dandelion_global/dandelion:10/QP1A.190711.020/V12.0.14.0.QCDMIXM:user/release-keys",
      "androidSdkVersion": "29"
    },
    "dataAtTimeOfUserPlayActivity": {
      "carrierName": "Celcom",
      "manufacturer": "Xiaomi",
      "modelName": "M2006C3LG",
      "deviceName": "dandelion",
      "productName": "dandelion_global",
      "retailBrand": "Redmi",
      "nativePlatform": ["armeabi-v7a", "armeabi"],
      "deviceIpCountry": "MY",
      "userLocale": "ms_MY",
      "androidSdkVersion": "29"
    },
    "deviceRegistrationTime": "2021-06-11T01:38:45.382Z",
    "userAddedOnDeviceTime": "2021-06-11T01:38:45.382Z",
    "lastTimeDeviceActive": "2021-06-18T10:13:17.722511Z"
  }
}]