[{
  "install": {
    "doc": {
      "documentType": "Android Apps",
      "title": "Asisten Google"
    },
    "firstInstallationTime": "2021-06-11T01:39:42.505010Z",
    "deviceAttribute": {
      "model": "M2006C3LG",
      "carrier": "Celcom",
      "manufacturer": "Xiaomi",
      "deviceDisplayName": "Xiaomi M2006C3LG"
    },
    "lastUpdateTime": "2021-06-20T13:04:52.863Z"
  }
},
{
  "install": {
    "doc": {
      "documentType": "Android Apps",
      "title": "com.google.android.apps.restore"
    },
    "firstInstallationTime": "2021-06-11T01:39:42.505013Z",
    "deviceAttribute": {
      "model": "M2006C3LG",
      "carrier": "Celcom",
      "manufacturer": "Xiaomi",
      "deviceDisplayName": "Xiaomi M2006C3LG"
    },
    "lastUpdateTime": "2021-06-20T13:04:52.863Z"
  }
},
{
  "install": {
    "doc": {
      "documentType": "Android Apps",
      "title": "Rangkaian Fitur Aksesibilitas Android"
    },
    "firstInstallationTime": "2021-06-11T01:39:42.505025Z",
    "deviceAttribute": {
      "model": "M2006C3LG",
      "carrier": "Celcom",
      "manufacturer": "Xiaomi",
      "deviceDisplayName": "Xiaomi M2006C3LG"
    },
    "lastUpdateTime": "2021-06-20T13:04:52.863Z"
  }
},
{
  "install": {
    "doc": {
      "documentType": "Android Apps",
      "title": "Google Lens"
    },
    "firstInstallationTime": "2021-06-11T01:39:42.505030Z",
    "deviceAttribute": {
      "model": "M2006C3LG",
      "carrier": "Celcom",
      "manufacturer": "Xiaomi",
      "deviceDisplayName": "Xiaomi M2006C3LG"
    },
    "lastUpdateTime": "2021-06-20T13:04:52.863Z"
  }
},
{
  "install": {
    "doc": {
      "documentType": "Android Apps",
      "title": "com.miui.securitycenter"
    },
    "firstInstallationTime": "2021-06-11T01:39:42.505034Z",
    "deviceAttribute": {
      "model": "M2006C3LG",
      "carrier": "Celcom",
      "manufacturer": "Xiaomi",
      "deviceDisplayName": "Xiaomi M2006C3LG"
    },
    "lastUpdateTime": "2021-06-20T13:04:52.863Z"
  }
},
{
  "install": {
    "doc": {
      "documentType": "Android Apps",
      "title": "foodpanda - Makanan tempatan \u0026 Penghantaran Runcit"
    },
    "firstInstallationTime": "2021-06-11T01:39:42.505Z",
    "deviceAttribute": {
      "model": "M2006C3LG",
      "carrier": "Celcom",
      "manufacturer": "Xiaomi",
      "deviceDisplayName": "Xiaomi M2006C3LG"
    },
    "lastUpdateTime": "2021-06-11T01:39:42.505Z"
  }
},
{
  "install": {
    "doc": {
      "documentType": "Android Apps",
      "title": "Google Drive"
    },
    "firstInstallationTime": "2021-06-11T01:39:42.505001Z",
    "deviceAttribute": {
      "model": "M2006C3LG",
      "carrier": "Celcom",
      "manufacturer": "Xiaomi",
      "deviceDisplayName": "Xiaomi M2006C3LG"
    },
    "lastUpdateTime": "2021-06-11T01:39:42.505Z"
  }
},
{
  "install": {
    "doc": {
      "documentType": "Android Apps",
      "title": "YouTube Music"
    },
    "firstInstallationTime": "2021-06-11T01:39:42.505006Z",
    "deviceAttribute": {
      "model": "M2006C3LG",
      "carrier": "Celcom",
      "manufacturer": "Xiaomi",
      "deviceDisplayName": "Xiaomi M2006C3LG"
    },
    "lastUpdateTime": "2021-06-19T15:56:00.340Z"
  }
},
{
  "install": {
    "doc": {
      "documentType": "Android Apps",
      "title": "Perkhidmatan Google Play"
    },
    "firstInstallationTime": "2021-06-11T01:39:42.505007Z",
    "deviceAttribute": {
      "model": "M2006C3LG",
      "carrier": "Celcom",
      "manufacturer": "Xiaomi",
      "deviceDisplayName": "Xiaomi M2006C3LG"
    },
    "lastUpdateTime": "2021-06-17T16:41:58.793Z"
  }
},
{
  "install": {
    "doc": {
      "documentType": "Android Apps",
      "title": "Google TV (previously Play Movies \u0026 TV)"
    },
    "firstInstallationTime": "2021-06-11T01:39:42.505008Z",
    "deviceAttribute": {
      "model": "M2006C3LG",
      "carrier": "Celcom",
      "manufacturer": "Xiaomi",
      "deviceDisplayName": "Xiaomi M2006C3LG"
    },
    "lastUpdateTime": "2021-06-17T16:51:10.422Z"
  }
},
{
  "install": {
    "doc": {
      "documentType": "Android Apps",
      "title": "Google Duo - Panggilan Video Berkualiti Tinggi"
    },
    "firstInstallationTime": "2021-06-11T01:39:42.505005Z",
    "deviceAttribute": {
      "model": "M2006C3LG",
      "carrier": "Celcom",
      "manufacturer": "Xiaomi",
      "deviceDisplayName": "Xiaomi M2006C3LG"
    },
    "lastUpdateTime": "2021-06-11T01:39:42.505Z"
  }
},
{
  "install": {
    "doc": {
      "documentType": "Android Apps",
      "title": "Foto Google"
    },
    "firstInstallationTime": "2021-06-11T01:39:42.505003Z",
    "deviceAttribute": {
      "model": "M2006C3LG",
      "carrier": "Celcom",
      "manufacturer": "Xiaomi",
      "deviceDisplayName": "Xiaomi M2006C3LG"
    },
    "lastUpdateTime": "2021-06-15T13:46:08.858Z"
  }
},
{
  "install": {
    "doc": {
      "documentType": "Android Apps",
      "title": "Google Podcasts"
    },
    "firstInstallationTime": "2021-06-11T01:39:42.505004Z",
    "deviceAttribute": {
      "model": "M2006C3LG",
      "carrier": "Celcom",
      "manufacturer": "Xiaomi",
      "deviceDisplayName": "Xiaomi M2006C3LG"
    },
    "lastUpdateTime": "2021-06-11T01:39:42.505Z"
  }
},
{
  "install": {
    "doc": {
      "documentType": "Android Apps",
      "title": "Google News"
    },
    "firstInstallationTime": "2021-06-11T01:39:42.505002Z",
    "deviceAttribute": {
      "model": "M2006C3LG",
      "carrier": "Celcom",
      "manufacturer": "Xiaomi",
      "deviceDisplayName": "Xiaomi M2006C3LG"
    },
    "lastUpdateTime": "2021-06-19T16:01:08.959Z"
  }
},
{
  "install": {
    "doc": {
      "documentType": "Android Apps",
      "title": "WhatsApp Messenger"
    },
    "firstInstallationTime": "2021-06-11T02:03:44.631Z",
    "deviceAttribute": {
      "model": "M2006C3LG",
      "carrier": "Celcom",
      "manufacturer": "Xiaomi",
      "deviceDisplayName": "Xiaomi M2006C3LG"
    },
    "lastUpdateTime": "2021-06-11T02:03:44.631Z"
  }
},
{
  "install": {
    "doc": {
      "documentType": "Android Apps",
      "title": "Shopee 7.7 Mid Year Sale"
    },
    "firstInstallationTime": "2021-06-11T10:02:05.415Z",
    "deviceAttribute": {
      "model": "M2006C3LG",
      "carrier": "Celcom",
      "manufacturer": "Xiaomi",
      "deviceDisplayName": "Xiaomi M2006C3LG"
    },
    "lastUpdateTime": "2021-06-20T12:40:50.201Z"
  }
},
{
  "install": {
    "doc": {
      "documentType": "Android Apps",
      "title": "MySejahtera"
    },
    "firstInstallationTime": "2021-06-11T10:54:05.948Z",
    "deviceAttribute": {
      "model": "M2006C3LG",
      "carrier": "Celcom",
      "manufacturer": "Xiaomi",
      "deviceDisplayName": "Xiaomi M2006C3LG"
    },
    "lastUpdateTime": "2021-06-19T15:59:24.081Z"
  }
},
{
  "install": {
    "doc": {
      "documentType": "Android Apps",
      "title": "Peta Google - Navigasi \u0026 Transit"
    },
    "firstInstallationTime": "2021-06-11T01:39:42.505011Z",
    "deviceAttribute": {
      "model": "M2006C3LG",
      "carrier": "Celcom",
      "manufacturer": "Xiaomi",
      "deviceDisplayName": "Xiaomi M2006C3LG"
    },
    "lastUpdateTime": "2021-06-19T15:59:24.081Z"
  }
},
{
  "install": {
    "doc": {
      "documentType": "Android Apps",
      "title": "Device Health Services"
    },
    "firstInstallationTime": "2021-06-11T01:39:42.505015Z",
    "deviceAttribute": {
      "model": "M2006C3LG",
      "carrier": "Celcom",
      "manufacturer": "Xiaomi",
      "deviceDisplayName": "Xiaomi M2006C3LG"
    },
    "lastUpdateTime": "2021-06-12T04:07:57.736Z"
  }
},
{
  "install": {
    "doc": {
      "documentType": "Android Apps",
      "title": "Digital Wellbeing"
    },
    "firstInstallationTime": "2021-06-11T01:39:42.505016Z",
    "deviceAttribute": {
      "model": "M2006C3LG",
      "carrier": "Celcom",
      "manufacturer": "Xiaomi",
      "deviceDisplayName": "Xiaomi M2006C3LG"
    },
    "lastUpdateTime": "2021-06-12T04:10:13.945Z"
  }
},
{
  "install": {
    "doc": {
      "documentType": "Android Apps",
      "title": "Mi Video - Putar dan unduh video"
    },
    "firstInstallationTime": "2021-06-11T01:39:42.505035Z",
    "deviceAttribute": {
      "model": "M2006C3LG",
      "carrier": "Celcom",
      "manufacturer": "Xiaomi",
      "deviceDisplayName": "Xiaomi M2006C3LG"
    },
    "lastUpdateTime": "2021-06-19T16:04:07.195Z"
  }
},
{
  "install": {
    "doc": {
      "documentType": "Android Apps",
      "title": "Carrier Services"
    },
    "firstInstallationTime": "2021-06-11T01:39:42.505023Z",
    "deviceAttribute": {
      "model": "M2006C3LG",
      "carrier": "Celcom",
      "manufacturer": "Xiaomi",
      "deviceDisplayName": "Xiaomi M2006C3LG"
    },
    "lastUpdateTime": "2021-06-19T15:54:03.862Z"
  }
},
{
  "install": {
    "doc": {
      "documentType": "Android Apps",
      "title": "Mi Music"
    },
    "firstInstallationTime": "2021-06-11T01:39:42.505033Z",
    "deviceAttribute": {
      "model": "M2006C3LG",
      "carrier": "Celcom",
      "manufacturer": "Xiaomi",
      "deviceDisplayName": "Xiaomi M2006C3LG"
    },
    "lastUpdateTime": "2021-06-12T20:17:03.066Z"
  }
},
{
  "install": {
    "doc": {
      "documentType": "Android Apps",
      "title": "Google"
    },
    "firstInstallationTime": "2021-06-11T01:39:42.505022Z",
    "deviceAttribute": {
      "model": "M2006C3LG",
      "carrier": "Celcom",
      "manufacturer": "Xiaomi",
      "deviceDisplayName": "Xiaomi M2006C3LG"
    },
    "lastUpdateTime": "2021-06-13T02:16:01.992Z"
  }
},
{
  "install": {
    "doc": {
      "documentType": "Android Apps",
      "title": "Kenalan"
    },
    "firstInstallationTime": "2021-06-11T01:39:42.505018Z",
    "deviceAttribute": {
      "model": "M2006C3LG",
      "carrier": "Celcom",
      "manufacturer": "Xiaomi",
      "deviceDisplayName": "Xiaomi M2006C3LG"
    },
    "lastUpdateTime": "2021-06-15T13:32:36.826Z"
  }
},
{
  "install": {
    "doc": {
      "documentType": "Android Apps",
      "title": "Android Auto"
    },
    "firstInstallationTime": "2021-06-11T01:39:42.505026Z",
    "deviceAttribute": {
      "model": "M2006C3LG",
      "carrier": "Celcom",
      "manufacturer": "Xiaomi",
      "deviceDisplayName": "Xiaomi M2006C3LG"
    },
    "lastUpdateTime": "2021-06-19T14:40:41.957Z"
  }
},
{
  "install": {
    "doc": {
      "documentType": "Android Apps",
      "title": "Calculator"
    },
    "firstInstallationTime": "2021-06-11T01:39:42.505032Z",
    "deviceAttribute": {
      "model": "M2006C3LG",
      "carrier": "Celcom",
      "manufacturer": "Xiaomi",
      "deviceDisplayName": "Xiaomi M2006C3LG"
    },
    "lastUpdateTime": "2021-06-13T02:52:31.019Z"
  }
},
{
  "install": {
    "doc": {
      "documentType": "Android Apps",
      "title": "Teks ke pertuturan Google"
    },
    "firstInstallationTime": "2021-06-11T01:39:42.505027Z",
    "deviceAttribute": {
      "model": "M2006C3LG",
      "carrier": "Celcom",
      "manufacturer": "Xiaomi",
      "deviceDisplayName": "Xiaomi M2006C3LG"
    },
    "lastUpdateTime": "2021-06-13T02:52:31.019Z"
  }
},
{
  "install": {
    "doc": {
      "documentType": "Android Apps",
      "title": "ShareMe  - #1 file sharing \u0026 data transfer app"
    },
    "firstInstallationTime": "2021-06-11T01:39:42.505037Z",
    "deviceAttribute": {
      "model": "M2006C3LG",
      "carrier": "Celcom",
      "manufacturer": "Xiaomi",
      "deviceDisplayName": "Xiaomi M2006C3LG"
    },
    "lastUpdateTime": "2021-06-13T02:52:31.019Z"
  }
},
{
  "install": {
    "doc": {
      "documentType": "Android Apps",
      "title": "Weather - By Xiaomi"
    },
    "firstInstallationTime": "2021-06-11T01:39:42.505036Z",
    "deviceAttribute": {
      "model": "M2006C3LG",
      "carrier": "Celcom",
      "manufacturer": "Xiaomi",
      "deviceDisplayName": "Xiaomi M2006C3LG"
    },
    "lastUpdateTime": "2021-06-13T04:06:16.123Z"
  }
},
{
  "install": {
    "doc": {
      "documentType": "Android Apps",
      "title": "Telefon Google"
    },
    "firstInstallationTime": "2021-06-11T01:39:42.505019Z",
    "deviceAttribute": {
      "model": "M2006C3LG",
      "carrier": "Celcom",
      "manufacturer": "Xiaomi",
      "deviceDisplayName": "Xiaomi M2006C3LG"
    },
    "lastUpdateTime": "2021-06-19T16:04:07.195Z"
  }
},
{
  "install": {
    "doc": {
      "documentType": "Android Apps",
      "title": "Gmail"
    },
    "firstInstallationTime": "2021-06-11T01:39:42.505020Z",
    "deviceAttribute": {
      "model": "M2006C3LG",
      "carrier": "Celcom",
      "manufacturer": "Xiaomi",
      "deviceDisplayName": "Xiaomi M2006C3LG"
    },
    "lastUpdateTime": "2021-06-13T04:12:16.574Z"
  }
},
{
  "install": {
    "doc": {
      "documentType": "Android Apps",
      "title": "Messages"
    },
    "firstInstallationTime": "2021-06-11T01:39:42.505012Z",
    "deviceAttribute": {
      "model": "M2006C3LG",
      "carrier": "Celcom",
      "manufacturer": "Xiaomi",
      "deviceDisplayName": "Xiaomi M2006C3LG"
    },
    "lastUpdateTime": "2021-06-20T12:43:49.623Z"
  }
},
{
  "install": {
    "doc": {
      "documentType": "Android Apps",
      "title": "Mi File Manager – Manajemen File dan Transfer"
    },
    "firstInstallationTime": "2021-06-11T01:39:42.505031Z",
    "deviceAttribute": {
      "model": "M2006C3LG",
      "carrier": "Celcom",
      "manufacturer": "Xiaomi",
      "deviceDisplayName": "Xiaomi M2006C3LG"
    },
    "lastUpdateTime": "2021-06-13T23:36:03.350Z"
  }
},
{
  "install": {
    "doc": {
      "documentType": "Android Apps",
      "title": "YouTube"
    },
    "firstInstallationTime": "2021-06-11T01:39:42.505029Z",
    "deviceAttribute": {
      "model": "M2006C3LG",
      "carrier": "Celcom",
      "manufacturer": "Xiaomi",
      "deviceDisplayName": "Xiaomi M2006C3LG"
    },
    "lastUpdateTime": "2021-06-17T16:43:58.856Z"
  }
},
{
  "install": {
    "doc": {
      "documentType": "Android Apps",
      "title": "Netflix"
    },
    "firstInstallationTime": "2021-06-14T03:53:34.150Z",
    "deviceAttribute": {
      "model": "M2006C3LG",
      "carrier": "Celcom",
      "manufacturer": "Xiaomi",
      "deviceDisplayName": "Xiaomi M2006C3LG"
    },
    "lastUpdateTime": "2021-06-15T13:27:03.239Z"
  }
},
{
  "install": {
    "doc": {
      "documentType": "Android Apps",
      "title": "My Restaurant: Permainan Kegilaan Memasak Gila"
    },
    "firstInstallationTime": "2021-06-17T06:25:08.621Z",
    "deviceAttribute": {
      "model": "M2006C3LG",
      "carrier": "Celcom",
      "manufacturer": "Xiaomi",
      "deviceDisplayName": "Xiaomi M2006C3LG"
    },
    "lastUpdateTime": "2021-06-17T06:25:08.621Z"
  }
},
{
  "install": {
    "doc": {
      "documentType": "Android Apps",
      "title": "Google One"
    },
    "firstInstallationTime": "2021-06-11T01:39:42.505014Z",
    "deviceAttribute": {
      "model": "M2006C3LG",
      "carrier": "Celcom",
      "manufacturer": "Xiaomi",
      "deviceDisplayName": "Xiaomi M2006C3LG"
    },
    "lastUpdateTime": "2021-06-17T20:36:47.945Z"
  }
},
{
  "install": {
    "doc": {
      "documentType": "Android Apps",
      "title": "Kalendar Google"
    },
    "firstInstallationTime": "2021-06-11T01:39:42.505017Z",
    "deviceAttribute": {
      "model": "M2006C3LG",
      "carrier": "Celcom",
      "manufacturer": "Xiaomi",
      "deviceDisplayName": "Xiaomi M2006C3LG"
    },
    "lastUpdateTime": "2021-06-14T09:47:07.922Z"
  }
},
{
  "install": {
    "doc": {
      "documentType": "Android Apps",
      "title": "WebView Sistem Android"
    },
    "firstInstallationTime": "2021-06-11T01:39:42.505028Z",
    "deviceAttribute": {
      "model": "M2006C3LG",
      "carrier": "Celcom",
      "manufacturer": "Xiaomi",
      "deviceDisplayName": "Xiaomi M2006C3LG"
    },
    "lastUpdateTime": "2021-06-18T04:12:45.813Z"
  }
},
{
  "install": {
    "doc": {
      "documentType": "Android Apps",
      "title": "Gboard - Papan Kekunci Google"
    },
    "firstInstallationTime": "2021-06-11T01:39:42.505024Z",
    "deviceAttribute": {
      "model": "M2006C3LG",
      "carrier": "Celcom",
      "manufacturer": "Xiaomi",
      "deviceDisplayName": "Xiaomi M2006C3LG"
    },
    "lastUpdateTime": "2021-06-14T10:14:36.737Z"
  }
},
{
  "install": {
    "doc": {
      "documentType": "Android Apps",
      "title": "Google Chrome"
    },
    "firstInstallationTime": "2021-06-11T01:39:42.505009Z",
    "deviceAttribute": {
      "model": "M2006C3LG",
      "carrier": "Celcom",
      "manufacturer": "Xiaomi",
      "deviceDisplayName": "Xiaomi M2006C3LG"
    },
    "lastUpdateTime": "2021-06-15T13:35:43.561Z"
  }
},
{
  "install": {
    "doc": {
      "documentType": "Android Apps",
      "title": "Cooking Dream"
    },
    "firstInstallationTime": "2021-06-16T07:43:57.308Z",
    "deviceAttribute": {
      "model": "M2006C3LG",
      "carrier": "Celcom",
      "manufacturer": "Xiaomi",
      "deviceDisplayName": "Xiaomi M2006C3LG"
    },
    "lastUpdateTime": "2021-06-16T07:43:57.308Z"
  }
},
{
  "install": {
    "doc": {
      "documentType": "Android Apps",
      "title": "Family Island - Petualangan game pertanian"
    },
    "firstInstallationTime": "2021-06-16T10:43:37.239Z",
    "deviceAttribute": {
      "model": "M2006C3LG",
      "carrier": "Celcom",
      "manufacturer": "Xiaomi",
      "deviceDisplayName": "Xiaomi M2006C3LG"
    },
    "lastUpdateTime": "2021-06-16T10:43:37.239Z"
  }
},
{
  "install": {
    "doc": {
      "documentType": "Android Apps",
      "title": "Facebook"
    },
    "firstInstallationTime": "2021-06-17T03:53:03.342Z",
    "deviceAttribute": {
      "model": "M2006C3LG",
      "carrier": "Celcom",
      "manufacturer": "Xiaomi",
      "deviceDisplayName": "Xiaomi M2006C3LG"
    },
    "lastUpdateTime": "2021-06-19T11:18:43.271Z"
  }
},
{
  "install": {
    "doc": {
      "documentType": "Android Apps",
      "title": "SHAREit: File Transfer,Sharing"
    },
    "firstInstallationTime": "2021-06-17T09:42:23.416Z",
    "deviceAttribute": {
      "model": "M2006C3LG",
      "carrier": "Celcom",
      "manufacturer": "Xiaomi",
      "deviceDisplayName": "Xiaomi M2006C3LG"
    },
    "lastUpdateTime": "2021-06-17T09:42:23.416Z"
  }
},
{
  "install": {
    "doc": {
      "documentType": "Android Apps",
      "title": "Touch ‘n Go eWallet"
    },
    "firstInstallationTime": "2021-06-17T14:19:18.558Z",
    "deviceAttribute": {
      "model": "M2006C3LG",
      "carrier": "Celcom",
      "manufacturer": "Xiaomi",
      "deviceDisplayName": "Xiaomi M2006C3LG"
    },
    "lastUpdateTime": "2021-06-17T14:19:18.558Z"
  }
},
{
  "install": {
    "doc": {
      "documentType": "Android Apps",
      "title": "org.tourstart.roadrunner"
    },
    "firstInstallationTime": "2021-06-17T16:37:50.187Z",
    "deviceAttribute": {
      "model": "M2006C3LG",
      "carrier": "Celcom",
      "manufacturer": "Xiaomi",
      "deviceDisplayName": "Xiaomi M2006C3LG"
    },
    "lastUpdateTime": "2021-06-17T16:37:50.187Z"
  }
},
{
  "install": {
    "doc": {
      "documentType": "Android Apps",
      "title": "NordPass® Password Manager \u0026 Digital Vault"
    },
    "firstInstallationTime": "2021-06-17T17:38:59.715Z",
    "deviceAttribute": {
      "model": "M2006C3LG",
      "carrier": "Celcom",
      "manufacturer": "Xiaomi",
      "deviceDisplayName": "Xiaomi M2006C3LG"
    },
    "lastUpdateTime": "2021-06-17T17:38:59.715Z"
  }
},
{
  "install": {
    "doc": {
      "documentType": "Android Apps",
      "title": "Mobile Legends: Bang Bang"
    },
    "firstInstallationTime": "2021-06-18T07:33:43.678Z",
    "deviceAttribute": {
      "model": "M2006C3LG",
      "carrier": "Celcom",
      "manufacturer": "Xiaomi",
      "deviceDisplayName": "Xiaomi M2006C3LG"
    },
    "lastUpdateTime": "2021-06-20T10:10:14.821Z"
  }
},
{
  "install": {
    "doc": {
      "documentType": "Android Apps",
      "title": "MotoGP Racing \u002720"
    },
    "firstInstallationTime": "2021-06-18T15:56:30.013Z",
    "deviceAttribute": {
      "model": "M2006C3LG",
      "carrier": "Celcom",
      "manufacturer": "Xiaomi",
      "deviceDisplayName": "Xiaomi M2006C3LG"
    },
    "lastUpdateTime": "2021-06-18T15:56:30.013Z"
  }
},
{
  "install": {
    "doc": {
      "documentType": "Android Apps",
      "title": "Google My Maps"
    },
    "firstInstallationTime": "2021-06-19T16:20:58.506Z",
    "deviceAttribute": {
      "model": "M2006C3LG",
      "carrier": "Celcom",
      "manufacturer": "Xiaomi",
      "deviceDisplayName": "Xiaomi M2006C3LG"
    },
    "lastUpdateTime": "2021-06-19T16:20:58.506Z"
  }
},
{
  "install": {
    "doc": {
      "documentType": "Android Apps",
      "title": "Map Marker"
    },
    "firstInstallationTime": "2021-06-19T16:32:02.197Z",
    "deviceAttribute": {
      "model": "M2006C3LG",
      "carrier": "Celcom",
      "manufacturer": "Xiaomi",
      "deviceDisplayName": "Xiaomi M2006C3LG"
    },
    "lastUpdateTime": "2021-06-19T16:32:02.197Z"
  }
},
{
  "install": {
    "doc": {
      "documentType": "Android Apps",
      "title": "Perencana Rute Multi Stop"
    },
    "firstInstallationTime": "2021-06-19T16:45:40.343Z",
    "deviceAttribute": {
      "model": "M2006C3LG",
      "carrier": "Celcom",
      "manufacturer": "Xiaomi",
      "deviceDisplayName": "Xiaomi M2006C3LG"
    },
    "lastUpdateTime": "2021-06-19T16:45:40.343Z"
  }
},
{
  "install": {
    "doc": {
      "documentType": "Android Apps",
      "title": "Baru Panda pelekat yang lucu WAStickerApps"
    },
    "firstInstallationTime": "2021-06-20T00:40:42.389Z",
    "deviceAttribute": {
      "model": "M2006C3LG",
      "carrier": "Celcom",
      "manufacturer": "Xiaomi",
      "deviceDisplayName": "Xiaomi M2006C3LG"
    },
    "lastUpdateTime": "2021-06-20T00:40:42.389Z"
  }
},
{
  "install": {
    "doc": {
      "documentType": "Android Apps",
      "title": "Play Referrer API"
    },
    "firstInstallationTime": "2021-06-20T00:50:50.486Z",
    "deviceAttribute": {
      "model": "M2006C3LG",
      "carrier": "Celcom",
      "manufacturer": "Xiaomi",
      "deviceDisplayName": "Xiaomi M2006C3LG"
    },
    "lastUpdateTime": "2021-06-20T00:50:50.486Z"
  }
},
{
  "install": {
    "doc": {
      "documentType": "Android Apps",
      "title": "Play Store Install Referrer Test"
    },
    "firstInstallationTime": "2021-06-20T00:53:27.467Z",
    "deviceAttribute": {
      "model": "M2006C3LG",
      "carrier": "Celcom",
      "manufacturer": "Xiaomi",
      "deviceDisplayName": "Xiaomi M2006C3LG"
    },
    "lastUpdateTime": "2021-06-20T00:53:27.467Z"
  }
},
{
  "install": {
    "doc": {
      "documentType": "Android Apps",
      "title": "KFC Malaysia"
    },
    "firstInstallationTime": "2021-06-20T06:16:20.017Z",
    "deviceAttribute": {
      "model": "M2006C3LG",
      "carrier": "Celcom",
      "manufacturer": "Xiaomi",
      "deviceDisplayName": "Xiaomi M2006C3LG"
    },
    "lastUpdateTime": "2021-06-20T06:16:20.017Z"
  }
},
{
  "install": {
    "doc": {
      "documentType": "Android Apps",
      "title": "McDelivery Malaysia"
    },
    "firstInstallationTime": "2021-06-20T06:16:56.738Z",
    "deviceAttribute": {
      "model": "M2006C3LG",
      "carrier": "Celcom",
      "manufacturer": "Xiaomi",
      "deviceDisplayName": "Xiaomi M2006C3LG"
    },
    "lastUpdateTime": "2021-06-20T06:16:56.738Z"
  }
},
{
  "install": {
    "doc": {
      "documentType": "Android Apps",
      "title": "Navigasi untuk Google Maps Go"
    },
    "firstInstallationTime": "2021-06-20T13:04:52.863Z",
    "deviceAttribute": {
      "model": "M2006C3LG",
      "carrier": "Celcom",
      "manufacturer": "Xiaomi",
      "deviceDisplayName": "Xiaomi M2006C3LG"
    },
    "lastUpdateTime": "2021-06-20T13:04:52.863Z"
  }
}]