[{
  "libraryDoc": {
    "doc": {
      "documentType": "Android Apps",
      "title": "foodpanda - Makanan tempatan \u0026 Penghantaran Runcit"
    },
    "acquisitionTime": "2021-06-11T01:39:30.422Z"
  }
},
{
  "libraryDoc": {
    "doc": {
      "documentType": "Android Apps",
      "title": "Google Drive"
    },
    "acquisitionTime": "2021-06-11T01:39:32.341Z"
  }
},
{
  "libraryDoc": {
    "doc": {
      "documentType": "Android Apps",
      "title": "YouTube Music"
    },
    "acquisitionTime": "2021-06-11T01:39:34.328Z"
  }
},
{
  "libraryDoc": {
    "doc": {
      "documentType": "Android Apps",
      "title": "Perkhidmatan Google Play"
    },
    "acquisitionTime": "2021-06-11T01:39:34.479Z"
  }
},
{
  "libraryDoc": {
    "doc": {
      "documentType": "Android Apps",
      "title": "Google TV (previously Play Movies \u0026 TV)"
    },
    "acquisitionTime": "2021-06-11T01:39:35.629Z"
  }
},
{
  "libraryDoc": {
    "doc": {
      "documentType": "Android Apps",
      "title": "Google Duo - Panggilan Video Berkualiti Tinggi"
    },
    "acquisitionTime": "2021-06-11T01:39:36.903Z"
  }
},
{
  "libraryDoc": {
    "doc": {
      "documentType": "Android Apps",
      "title": "Foto Google"
    },
    "acquisitionTime": "2021-06-11T01:39:38.389Z"
  }
},
{
  "libraryDoc": {
    "doc": {
      "documentType": "Android Apps",
      "title": "Google Podcasts"
    },
    "acquisitionTime": "2021-06-11T01:39:39.748Z"
  }
},
{
  "libraryDoc": {
    "doc": {
      "documentType": "Android Apps",
      "title": "Google News"
    },
    "acquisitionTime": "2021-06-11T01:39:41.319Z"
  }
},
{
  "libraryDoc": {
    "doc": {
      "documentType": "Android Apps",
      "title": "WhatsApp Messenger"
    },
    "acquisitionTime": "2021-06-11T02:00:24.178Z"
  }
},
{
  "libraryDoc": {
    "doc": {
      "documentType": "Android Apps",
      "title": "Shopee 7.7 Mid Year Sale"
    },
    "acquisitionTime": "2021-06-11T08:41:59.930Z"
  }
},
{
  "libraryDoc": {
    "doc": {
      "documentType": "Android Apps",
      "title": "A Way To Smash: Puzzles and Strategy Destruction"
    },
    "acquisitionTime": "2021-06-11T10:32:26.923Z"
  }
},
{
  "libraryDoc": {
    "doc": {
      "documentType": "Android Apps",
      "title": "MySejahtera"
    },
    "acquisitionTime": "2021-06-11T10:43:46.922Z"
  }
},
{
  "libraryDoc": {
    "doc": {
      "documentType": "Android Apps",
      "title": "The Walking Dead: Survivors"
    },
    "acquisitionTime": "2021-06-12T03:34:50.877Z"
  }
},
{
  "libraryDoc": {
    "doc": {
      "documentType": "Android Apps",
      "title": "Peta Google - Navigasi \u0026 Transit"
    },
    "acquisitionTime": "2021-06-12T04:01:54.556Z"
  }
},
{
  "libraryDoc": {
    "doc": {
      "documentType": "Android Apps",
      "title": "Device Health Services"
    },
    "acquisitionTime": "2021-06-12T04:07:33.592Z"
  }
},
{
  "libraryDoc": {
    "doc": {
      "documentType": "Android Apps",
      "title": "Digital Wellbeing"
    },
    "acquisitionTime": "2021-06-12T04:07:45.691Z"
  }
},
{
  "libraryDoc": {
    "doc": {
      "documentType": "Android Apps",
      "title": "Mi Video - Putar dan unduh video"
    },
    "acquisitionTime": "2021-06-12T04:09:16.395Z"
  }
},
{
  "libraryDoc": {
    "doc": {
      "documentType": "Android Apps",
      "title": "Carrier Services"
    },
    "acquisitionTime": "2021-06-12T10:10:38.504Z"
  }
},
{
  "libraryDoc": {
    "doc": {
      "documentType": "Android Apps",
      "title": "Mi Music"
    },
    "acquisitionTime": "2021-06-12T14:21:45.024Z"
  }
},
{
  "libraryDoc": {
    "doc": {
      "documentType": "Android Apps",
      "title": "Google"
    },
    "acquisitionTime": "2021-06-12T20:17:00.168Z"
  }
},
{
  "libraryDoc": {
    "doc": {
      "documentType": "Android Apps",
      "title": "Kenalan"
    },
    "acquisitionTime": "2021-06-12T20:22:21.765Z"
  }
},
{
  "libraryDoc": {
    "doc": {
      "documentType": "Android Apps",
      "title": "Android Auto"
    },
    "acquisitionTime": "2021-06-13T02:15:59.948Z"
  }
},
{
  "libraryDoc": {
    "doc": {
      "documentType": "Android Apps",
      "title": "Calculator"
    },
    "acquisitionTime": "2021-06-13T02:49:24.435Z"
  }
},
{
  "libraryDoc": {
    "doc": {
      "documentType": "Android Apps",
      "title": "Teks ke pertuturan Google"
    },
    "acquisitionTime": "2021-06-13T02:50:02.678Z"
  }
},
{
  "libraryDoc": {
    "doc": {
      "documentType": "Android Apps",
      "title": "ShareMe  - #1 file sharing \u0026 data transfer app"
    },
    "acquisitionTime": "2021-06-13T02:50:58.322Z"
  }
},
{
  "libraryDoc": {
    "doc": {
      "documentType": "Android Apps",
      "title": "Weather - By Xiaomi"
    },
    "acquisitionTime": "2021-06-13T02:51:28.921Z"
  }
},
{
  "libraryDoc": {
    "doc": {
      "documentType": "Android Apps",
      "title": "Telefon Google"
    },
    "acquisitionTime": "2021-06-13T04:08:55.823Z"
  }
},
{
  "libraryDoc": {
    "doc": {
      "documentType": "Android Apps",
      "title": "Gmail"
    },
    "acquisitionTime": "2021-06-13T04:09:50.255Z"
  }
},
{
  "libraryDoc": {
    "doc": {
      "documentType": "Android Apps",
      "title": "Merge Mansion - The Mansion Full of Mysteries"
    },
    "acquisitionTime": "2021-06-13T05:31:55.147Z"
  }
},
{
  "libraryDoc": {
    "doc": {
      "documentType": "Android Apps",
      "title": "Manor Matters"
    },
    "acquisitionTime": "2021-06-13T07:42:12.327Z"
  }
},
{
  "libraryDoc": {
    "doc": {
      "documentType": "Android Apps",
      "title": "Messages"
    },
    "acquisitionTime": "2021-06-13T14:44:52.512Z"
  }
},
{
  "libraryDoc": {
    "doc": {
      "documentType": "Android Apps",
      "title": "Mi File Manager – Manajemen File dan Transfer"
    },
    "acquisitionTime": "2021-06-13T16:43:04.956Z"
  }
},
{
  "libraryDoc": {
    "doc": {
      "documentType": "Android Apps",
      "title": "YouTube"
    },
    "acquisitionTime": "2021-06-14T00:06:48.817Z"
  }
},
{
  "libraryDoc": {
    "doc": {
      "documentType": "Android Apps",
      "title": "Netflix"
    },
    "acquisitionTime": "2021-06-14T03:49:12.812Z"
  }
},
{
  "libraryDoc": {
    "doc": {
      "documentType": "Android Apps",
      "title": "Asian Cooking Star: New Restaurant \u0026 Cooking Games"
    },
    "acquisitionTime": "2021-06-14T07:11:33.874Z"
  }
},
{
  "libraryDoc": {
    "doc": {
      "documentType": "Android Apps",
      "title": "My Restaurant: Permainan Kegilaan Memasak Gila"
    },
    "acquisitionTime": "2021-06-14T07:13:36.535Z"
  }
},
{
  "libraryDoc": {
    "doc": {
      "documentType": "Android Apps",
      "title": "Google One"
    },
    "acquisitionTime": "2021-06-14T09:44:47.131Z"
  }
},
{
  "libraryDoc": {
    "doc": {
      "documentType": "Android Apps",
      "title": "Kalendar Google"
    },
    "acquisitionTime": "2021-06-14T09:45:43.161Z"
  }
},
{
  "libraryDoc": {
    "doc": {
      "documentType": "Android Apps",
      "title": "WebView Sistem Android"
    },
    "acquisitionTime": "2021-06-14T10:12:12.535Z"
  }
},
{
  "libraryDoc": {
    "doc": {
      "documentType": "Android Apps",
      "title": "Gboard - Papan Kekunci Google"
    },
    "acquisitionTime": "2021-06-14T10:12:18.447Z"
  }
},
{
  "libraryDoc": {
    "doc": {
      "documentType": "Android Apps",
      "title": "Google Chrome"
    },
    "acquisitionTime": "2021-06-15T13:32:06.593Z"
  }
},
{
  "libraryDoc": {
    "doc": {
      "documentType": "Android Apps",
      "title": "Cooking Dream"
    },
    "acquisitionTime": "2021-06-16T06:17:04.761Z"
  }
},
{
  "libraryDoc": {
    "doc": {
      "documentType": "Android Apps",
      "title": "Cooking Travel - Restoran cepat saji truk makanan"
    },
    "acquisitionTime": "2021-06-16T08:42:14.390Z"
  }
},
{
  "libraryDoc": {
    "doc": {
      "documentType": "Android Apps",
      "title": "Family Island - Petualangan game pertanian"
    },
    "acquisitionTime": "2021-06-16T09:11:35.805Z"
  }
},
{
  "libraryDoc": {
    "doc": {
      "documentType": "Android Apps",
      "title": "Facebook"
    },
    "acquisitionTime": "2021-06-17T03:52:05.765Z"
  }
},
{
  "libraryDoc": {
    "doc": {
      "documentType": "Android Apps",
      "title": "SHAREit: File Transfer,Sharing"
    },
    "acquisitionTime": "2021-06-17T07:18:16.420Z"
  }
},
{
  "libraryDoc": {
    "doc": {
      "documentType": "Android Apps",
      "title": "Touch ‘n Go eWallet"
    },
    "acquisitionTime": "2021-06-17T13:53:06.438Z"
  }
},
{
  "libraryDoc": {
    "doc": {
      "documentType": "Android Apps",
      "title": "org.tourstart.roadrunner"
    },
    "acquisitionTime": "2021-06-17T15:42:47.017Z"
  }
},
{
  "libraryDoc": {
    "doc": {
      "documentType": "Android Apps",
      "title": "NordPass® Password Manager \u0026 Digital Vault"
    },
    "acquisitionTime": "2021-06-17T17:29:48.849Z"
  }
},
{
  "libraryDoc": {
    "doc": {
      "documentType": "Android Apps",
      "title": "Mobile Legends: Bang Bang"
    },
    "acquisitionTime": "2021-06-18T07:24:11.114Z"
  }
},
{
  "libraryDoc": {
    "doc": {
      "documentType": "Android Apps",
      "title": "PUBG MOBILE - Penyusuran"
    },
    "acquisitionTime": "2021-06-18T12:56:35.371Z"
  }
},
{
  "libraryDoc": {
    "doc": {
      "documentType": "Android Apps",
      "title": "MotoGP Racing \u002720"
    },
    "acquisitionTime": "2021-06-18T15:23:07.704Z"
  }
},
{
  "libraryDoc": {
    "doc": {
      "documentType": "Android Apps",
      "title": "GPS Navigation \u0026 Maps Sygic"
    },
    "acquisitionTime": "2021-06-19T14:00:32.789Z"
  }
},
{
  "libraryDoc": {
    "doc": {
      "documentType": "Android Apps",
      "title": "Google My Maps"
    },
    "acquisitionTime": "2021-06-19T16:12:29.625Z"
  }
},
{
  "libraryDoc": {
    "doc": {
      "documentType": "Android Apps",
      "title": "Map Marker"
    },
    "acquisitionTime": "2021-06-19T16:15:02.422Z"
  }
},
{
  "libraryDoc": {
    "doc": {
      "documentType": "Android Apps",
      "title": "Perencana Rute Multi Stop"
    },
    "acquisitionTime": "2021-06-19T16:25:04.559Z"
  }
},
{
  "libraryDoc": {
    "doc": {
      "documentType": "Android Apps",
      "title": "foodpanda rider"
    },
    "acquisitionTime": "2021-06-20T00:18:20.194Z"
  }
},
{
  "libraryDoc": {
    "doc": {
      "documentType": "Android Apps",
      "title": "Baru Panda pelekat yang lucu WAStickerApps"
    },
    "acquisitionTime": "2021-06-20T00:18:58.452Z"
  }
},
{
  "libraryDoc": {
    "doc": {
      "documentType": "Android Apps",
      "title": "Play Referrer API"
    },
    "acquisitionTime": "2021-06-20T00:41:34.832Z"
  }
},
{
  "libraryDoc": {
    "doc": {
      "documentType": "Android Apps",
      "title": "Play Store Install Referrer Test"
    },
    "acquisitionTime": "2021-06-20T00:50:18.013Z"
  }
},
{
  "libraryDoc": {
    "doc": {
      "documentType": "Android Apps",
      "title": "Sygic Travel Maps Offline \u0026 Trip Planner"
    },
    "acquisitionTime": "2021-06-20T04:10:28.464Z"
  }
},
{
  "libraryDoc": {
    "doc": {
      "documentType": "Android Apps",
      "title": "KFC Malaysia"
    },
    "acquisitionTime": "2021-06-20T06:12:51.536Z"
  }
},
{
  "libraryDoc": {
    "doc": {
      "documentType": "Android Apps",
      "title": "McDelivery Malaysia"
    },
    "acquisitionTime": "2021-06-20T06:13:52.093Z"
  }
},
{
  "libraryDoc": {
    "doc": {
      "documentType": "Android Apps",
      "title": "Navigasi untuk Google Maps Go"
    },
    "acquisitionTime": "2021-06-20T12:47:01.473Z"
  }
}]