[{
  "userSetting": {
    "testingProgramListItem": {
      "doc": {
        "documentType": "Android Apps",
        "title": "foodpanda rider"
      }
    }
  }
},
{
  "userSetting": {
    "testingProgramListItem": {
      "doc": {
        "documentType": "Android Apps",
        "title": "Perencana Rute Multi Stop"
      }
    }
  }
},
{
  "userSetting": {
    "testingProgramListItem": {
      "doc": {
        "documentType": "Android Apps",
        "title": "Map Marker"
      }
    }
  }
},
{
  "userSetting": {
    "testingProgramListItem": {
      "doc": {
        "documentType": "Android Apps",
        "title": "Messages"
      }
    }
  }
},
{
  "userSetting": {
    "testingProgramListItem": {
      "doc": {
        "documentType": "Android Apps",
        "title": "Specimen Zero - Multiplayer horror"
      }
    }
  }
},
{
  "userSetting": {
    "testingProgramListItem": {
      "doc": {
        "documentType": "Android Apps",
        "title": "org.tourstart.roadrunner"
      }
    }
  }
},
{
  "userSetting": {
    "receivePlayMarketingEmail": true
  }
},
{
  "userSetting": {
    "userCountryCode": ""
  }
}]