[{
  "purchaseHistory": {
    "invoicePrice": "USD 0.00",
    "paymentMethodTitle": "",
    "userLanguageCode": "ms_MY",
    "userCountry": "MY",
    "doc": {
      "documentType": "Android Apps",
      "title": "Google News"
    },
    "purchaseTime": "2021-06-11T01:39:41.319Z"
  }
},
{
  "purchaseHistory": {
    "invoicePrice": "USD 0.00",
    "paymentMethodTitle": "",
    "userLanguageCode": "ms_MY",
    "userCountry": "MY",
    "doc": {
      "documentType": "Android Apps",
      "title": "Google Podcasts"
    },
    "purchaseTime": "2021-06-11T01:39:39.748Z"
  }
},
{
  "purchaseHistory": {
    "invoicePrice": "USD 0.00",
    "paymentMethodTitle": "",
    "userLanguageCode": "ms_MY",
    "userCountry": "MY",
    "doc": {
      "documentType": "Android Apps",
      "title": "Foto Google"
    },
    "purchaseTime": "2021-06-11T01:39:38.389Z"
  }
},
{
  "purchaseHistory": {
    "invoicePrice": "USD 0.00",
    "paymentMethodTitle": "",
    "userLanguageCode": "ms_MY",
    "userCountry": "MY",
    "doc": {
      "documentType": "Android Apps",
      "title": "Google Duo - Panggilan Video Berkualiti Tinggi"
    },
    "purchaseTime": "2021-06-11T01:39:36.903Z"
  }
},
{
  "purchaseHistory": {
    "invoicePrice": "USD 0.00",
    "paymentMethodTitle": "",
    "userLanguageCode": "ms_MY",
    "userCountry": "MY",
    "doc": {
      "documentType": "Android Apps",
      "title": "Google TV (previously Play Movies \u0026 TV)"
    },
    "purchaseTime": "2021-06-11T01:39:35.629Z"
  }
},
{
  "purchaseHistory": {
    "invoicePrice": "USD 0.00",
    "paymentMethodTitle": "",
    "userLanguageCode": "ms_MY",
    "userCountry": "MY",
    "doc": {
      "documentType": "Android Apps",
      "title": "YouTube Music"
    },
    "purchaseTime": "2021-06-11T01:39:34.328Z"
  }
},
{
  "purchaseHistory": {
    "invoicePrice": "USD 0.00",
    "paymentMethodTitle": "",
    "userLanguageCode": "ms_MY",
    "userCountry": "MY",
    "doc": {
      "documentType": "Android Apps",
      "title": "Google Drive"
    },
    "purchaseTime": "2021-06-11T01:39:32.341Z"
  }
},
{
  "purchaseHistory": {
    "invoicePrice": "USD 0.00",
    "paymentMethodTitle": "",
    "userLanguageCode": "ms_MY",
    "userCountry": "MY",
    "doc": {
      "documentType": "Android Apps",
      "title": "foodpanda - Makanan tempatan \u0026 Penghantaran Runcit"
    },
    "purchaseTime": "2021-06-11T01:39:30.422Z"
  }
}]