[ {
  "contentDetails" : {
    "activityType" : "all",
    "newItemCount" : 1,
    "totalItemCount" : 328
  },
  "etag" : "p-b7AxkPMnzjyrdMm8W_XG8sNmo",
  "id" : "1mxBF7Rd69sKtvJhoFGjiiHC__CCKPlkTnB4aiNxMFs",
  "kind" : "youtube#subscription",
  "snippet" : {
    "channelId" : "UCGgly3LUAstQaipsIeArogw",
    "description" : "Hi all, a warm welcome to my channel. Here you will find MEDIA STREAMING, TECH TUTORIALS, PRODUCT, DEVICE & APP REVIEWS. I started this channel in Jan 2018 with the intention of helping my viewers with anything technology related. I have learnt so much from the internet, so helping you guys is my way of giving back to the community. Appreciate you stopping by, your support means a lot. Thank you.\n✅Business enquires - tdoctoruk@gmail.com",
    "publishedAt" : "2021-06-17T17:40:27.780Z",
    "resourceId" : {
      "channelId" : "UCIyy1sSlrgUYKcEqvL4smjQ",
      "kind" : "youtube#channel"
    },
    "thumbnails" : {
      "default" : {
        "url" : "https://yt3.ggpht.com/ytc/AAUvwnj3L21w6CfGOCrJUpD0n8Px5P6T5CJCJT3lbpM4=s88-c-k-c0x00ffffff-no-rj"
      },
      "high" : {
        "url" : "https://yt3.ggpht.com/ytc/AAUvwnj3L21w6CfGOCrJUpD0n8Px5P6T5CJCJT3lbpM4=s800-c-k-c0x00ffffff-no-rj"
      },
      "medium" : {
        "url" : "https://yt3.ggpht.com/ytc/AAUvwnj3L21w6CfGOCrJUpD0n8Px5P6T5CJCJT3lbpM4=s240-c-k-c0x00ffffff-no-rj"
      }
    },
    "title" : "TechDoctorUK"
  }
} ]